id,label
monkeyc1g1s1,2
monkeyc1g1s2,2
monkeyc1g1s3,2
monkeyc1g1s4,2
monkeyc1g1s5,2
monkeyc1g1s6,2
monkeyc1g1s7,2
monkeyc1g1s8,2
monkeyc1g1s9,2
monkeyc1g1s10,2
monkeyc1g1s11,2
monkeyc1g1s12,2
monkeyc1g1s13,2
monkeyc1g1s14,2
monkeyc1g1s15,2
monkeyc1g1s16,2
monkeyc1g1s17,2
monkeyc1g1s18,2
monkeyc1g1s19,2
monkeyc1g1s20,2
monkeyc1g1s21,2
monkeyc1g1s22,2
monkeyc1g1s23,2
monkeyc1g1s24,2
monkeyc1g1s25,2
monkeyc1g1s26,2
monkeyc1g1s27,2
monkeyc1g1s28,2
monkeyc1g1s29,2
monkeyc1g1s30,2
monkeyc1g1s31,2
monkeyc1g1s32,2
monkeyc1g1s33,2
monkeyc1g1s34,2
monkeyc1g1s35,2
monkeyc1g1s36,2
monkeyc1g1s37,2
monkeyc1g1s38,2
monkeyc1g1s39,2
monkeyc1g1s40,2
monkeyc1g1s41,2
monkeyc1g1s42,2
monkeyc1g1s43,2
monkeyc1g1s44,2
monkeyc1g1s45,2
monkeyc1g1s46,2
monkeyc1g1s47,2
monkeyc1g1s48,2
monkeyc1g1s49,2
monkeyc1g1s50,2
monkeyc1g1s51,2
monkeyc1g1s52,2
monkeyc1g1s53,2
monkeyc1g1s54,2
monkeyc1g1s55,2
monkeyc1g1s56,2
monkeyc1g1s57,2
monkeyc1g1s58,2
monkeyc1g1s59,2
monkeyc1g1s60,2
monkeyc1g1s61,2
monkeyc1g1s62,2
monkeyc1g1s63,2
monkeyc1g1s64,2
monkeyc1g1s65,2
monkeyc1g1s66,2
monkeyc1g1s67,2
monkeyc1g1s68,2
monkeyc1g1s69,2
monkeyc1g1s70,2
monkeyc1g1s71,2
monkeyc1g1s72,2
monkeyc1g1s73,2
monkeyc1g1s74,2
monkeyc1g1s75,2
monkeyc1g1s76,2
monkeyc1g1s77,2
monkeyc1g1s78,2
monkeyc1g1s79,2
monkeyc1g1s80,2
monkeyc1g1s81,2
monkeyc1g1s82,2
monkeyc1g1s83,2
monkeyc1g1s84,2
monkeyc1g1s85,2
monkeyc1g1s86,2
monkeyc1g1s87,2
monkeyc1g1s88,2
monkeyc1g1s89,2
monkeyc1g1s90,2
monkeyc1g1s91,2
monkeyc1g1s92,2
monkeyc1g1s93,2
monkeyc1g1s94,2
monkeyc1g1s95,2
monkeyc1g1s96,2
monkeyc1g1s97,2
monkeyc1g1s98,2
monkeyc1g1s99,2
monkeyc1g1s100,2
monkeyc1g1s101,2
monkeyc1g1s102,2
monkeyc1g1s103,2
monkeyc1g1s104,2
monkeyc1g1s105,2
monkeyc1g1s106,2
monkeyc1g1s107,2
monkeyc1g1s108,2
monkeyc1g1s109,2
monkeyc1g1s110,2
monkeyc1g1s111,2
monkeyc1g1s112,2
monkeyc1g1s113,2
monkeyc1g1s114,2
monkeyc1g1s115,2
monkeyc1g1s116,2
monkeyc1g1s117,2
monkeyc1g1s118,2
monkeyc1g1s119,2
monkeyc1g1s120,2
monkeyc1g1s121,2
monkeyc1g1s122,2
monkeyc1g1s123,2
monkeyc1g1s124,2
monkeyc1g1s125,2
monkeyc1g1s126,2
monkeyc1g1s127,2
monkeyc1g1s128,2
monkeyc1g1s129,2
monkeyc1g1s130,2
monkeyc1g1s131,2
monkeyc1g1s132,2
monkeyc1g1s133,2
monkeyc1g1s134,2
monkeyc1g1s135,2
monkeyc1g1s136,2
monkeyc1g1s137,2
monkeyc1g1s138,2
monkeyc1g1s139,2
monkeyc1g1s140,2
monkeyc1g1s141,2
monkeyc1g1s142,2
monkeyc1g1s143,2
monkeyc1g1s144,2
monkeyc1g1s145,2
monkeyc1g1s146,2
monkeyc1g1s147,2
monkeyc1g1s148,2
monkeyc1g1s149,2
monkeyc1g1s150,2
monkeyc1g1s151,2
monkeyc1g1s152,2
monkeyc1g1s153,2
monkeyc1g1s154,2
monkeyc1g1s155,2
monkeyc1g1s156,2
monkeyc1g1s157,2
monkeyc1g1s158,2
monkeyc1g1s159,2
monkeyc1g1s160,2
monkeyc1g1s161,2
monkeyc1g1s162,2
monkeyc1g1s163,2
monkeyc1g1s164,2
monkeyc1g1s165,2
monkeyc1g1s166,2
monkeyc1g1s167,2
monkeyc1g1s168,2
monkeyc1g1s169,2
monkeyc1g1s170,2
monkeyc1g1s171,2
monkeyc1g1s172,2
monkeyc1g1s173,2
monkeyc1g1s174,2
monkeyc1g1s175,2
monkeyc1g1s176,2
monkeyc1g1s177,2
monkeyc1g1s178,2
monkeyc1g1s179,2
monkeyc1g1s180,2
monkeyc1g1s181,2
monkeyc1g1s182,2
monkeyc1g1s183,2
monkeyc1g1s184,2
monkeyc1g1s185,2
monkeyc1g1s186,2
monkeyc1g1s187,2
monkeyc1g1s188,2
monkeyc1g1s189,2
monkeyc1g1s190,2
monkeyc1g1s191,2
monkeyc1g1s192,2
monkeyc1g1s193,2
monkeyc1g1s194,2
monkeyc1g1s195,2
monkeyc1g1s196,2
monkeyc1g1s197,2
monkeyc1g1s198,2
monkeyc1g1s199,2
monkeyc1g1s200,2
monkeyc1g1s201,2
monkeyc1g1s202,2
monkeyc1g1s203,2
monkeyc1g1s204,2
monkeyc1g1s205,2
monkeyc1g1s206,2
monkeyc1g1s207,2
monkeyc1g1s208,2
monkeyc1g1s209,2
monkeyc1g1s210,2
monkeyc1g1s211,2
monkeyc1g1s212,2
monkeyc1g1s213,2
monkeyc1g1s214,2
monkeyc1g1s215,2
monkeyc1g1s216,2
monkeyc1g1s217,2
monkeyc1g1s218,2
monkeyc1g1s219,2
monkeyc1g1s220,2
monkeyc1g1s221,2
monkeyc1g1s222,2
monkeyc1g1s223,2
monkeyc1g1s224,2
monkeyc1g1s225,2
monkeyc1g1s226,2
monkeyc1g1s227,2
monkeyc1g1s228,2
monkeyc1g1s229,2
monkeyc1g1s230,2
monkeyc1g1s231,2
monkeyc1g1s232,2
monkeyc1g1s233,2
monkeyc1g1s234,2
monkeyc1g1s235,2
monkeyc1g1s236,2
monkeyc1g1s237,2
monkeyc1g1s238,2
monkeyc1g1s239,2
monkeyc1g1s240,2
monkeyc1g1s241,2
monkeyc1g1s242,2
monkeyc1g1s243,2
monkeyc1g1s244,2
monkeyc1g1s245,2
monkeyc1g1s246,2
monkeyc1g1s247,2
monkeyc1g1s248,2
monkeyc1g1s249,2
monkeyc1g1s250,2
monkeyc1g1s251,2
monkeyc1g1s252,2
monkeyc1g1s253,2
monkeyc1g1s254,2
monkeyc1g1s255,2
monkeyc1g1s256,2
monkeyc1g1s257,2
monkeyc1g1s258,2
monkeyc1g1s259,2
monkeyc1g1s260,2
monkeyc1g1s261,2
monkeyc1g1s262,2
monkeyc1g1s263,2
monkeyc1g1s264,2
monkeyc1g1s265,2
monkeyc1g1s266,2
monkeyc1g1s267,2
monkeyc1g1s268,2
monkeyc1g1s269,2
monkeyc1g1s270,2
monkeyc1g1s271,2
monkeyc1g1s272,2
monkeyc1g1s273,2
monkeyc1g1s274,2
monkeyc1g1s275,2
monkeyc1g1s276,2
monkeyc1g1s277,2
monkeyc1g1s278,2
monkeyc1g1s279,2
monkeyc1g1s280,2
monkeyc1g1s281,2
monkeyc1g1s282,2
monkeyc1g1s283,2
monkeyc1g1s284,2
monkeyc1g1s285,2
monkeyc1g1s286,2
monkeyc1g1s287,2
monkeyc1g1s288,2
monkeyc1g1s289,2
monkeyc1g1s290,2
monkeyc1g1s291,2
monkeyc1g1s292,2
monkeyc1g1s293,2
monkeyc1g1s294,2
monkeyc1g1s295,2
monkeyc1g1s296,2
monkeyc1g1s297,2
monkeyc1g1s298,2
monkeyc1g1s299,2
monkeyc1g1s300,2
monkeyc1g1s301,2
monkeyc1g1s302,2
monkeyc1g1s303,2
monkeyc1g1s304,2
monkeyc1g1s305,2
monkeyc1g1s306,2
monkeyc1g1s307,2
monkeyc1g1s308,2
monkeyc1g1s309,2
monkeyc1g1s310,2
monkeyc1g1s311,2
monkeyc1g1s312,2
monkeyc1g1s313,2
monkeyc1g1s314,2
monkeyc1g1s315,2
monkeyc1g1s316,2
monkeyc1g1s317,2
monkeyc1g1s318,2
monkeyc1g1s319,2
monkeyc1g1s320,2
monkeyc1g1s321,2
monkeyc1g1s322,2
monkeyc1g1s323,2
monkeyc1g1s324,2
monkeyc1g1s325,2
monkeyc1g1s326,2
monkeyc1g1s327,2
monkeyc1g1s328,2
monkeyc1g1s329,2
monkeyc1g1s330,2
monkeyc1g1s331,2
monkeyc1g1s332,2
monkeyc1g1s333,2
monkeyc1g1s334,2
monkeyc1g1s335,2
monkeyc1g1s336,2
monkeyc1g1s337,2
monkeyc1g1s338,2
monkeyc1g1s339,2
monkeyc1g1s340,2
monkeyc1g1s341,2
monkeyc1g1s342,2
monkeyc1g1s343,2
monkeyc1g1s344,2
monkeyc1g1s345,2
monkeyc1g1s346,2
monkeyc1g1s347,2
monkeyc1g1s348,2
monkeyc1g1s349,2
monkeyc1g1s350,2
monkeyc1g1s351,2
monkeyc1g1s352,2
monkeyc1g1s353,2
monkeyc1g1s354,2
monkeyc1g1s355,2
monkeyc1g1s356,2
monkeyc1g1s357,2
monkeyc1g1s358,2
monkeyc1g1s359,2
monkeyc1g1s360,2
monkeyc1g1s361,2
monkeyc1g1s362,2
monkeyc1g1s363,2
monkeyc1g1s364,2
monkeyc1g1s365,2
monkeyc1g1s366,2
monkeyc1g1s367,2
monkeyc1g1s368,2
monkeyc1g1s369,2
monkeyc1g1s370,2
monkeyc1g1s371,2
monkeyc1g1s372,2
monkeyc1g1s373,2
monkeyc1g1s374,2
monkeyc1g1s375,2
monkeyc1g1s376,2
monkeyc1g1s377,2
monkeyc1g1s378,2
monkeyc1g1s379,2
monkeyc1g1s380,2
monkeyc1g1s381,2
monkeyc1g1s382,2
monkeyc1g1s383,2
monkeyc1g1s384,2
monkeyc1g1s385,2
monkeyc1g1s386,2
monkeyc1g1s387,2
monkeyc1g1s388,2
monkeyc1g1s389,2
monkeyc1g1s390,2
monkeyc1g1s391,2
monkeyc1g1s392,2
monkeyc1g1s393,2
monkeyc1g1s394,2
monkeyc1g1s395,2
monkeyc1g1s396,2
monkeyc1g1s397,2
monkeyc1g1s398,2
monkeyc1g1s399,2
monkeyc1g1s400,2
monkeyc1g1s401,2
monkeyc1g1s402,2
monkeyc1g1s403,2
monkeyc1g1s404,2
monkeyc1g1s405,2
monkeyc1g1s406,2
monkeyc1g1s407,2
monkeyc1g1s408,2
monkeyc1g1s409,2
monkeyc1g1s410,2
monkeyc1g1s411,2
monkeyc1g1s412,2
monkeyc1g1s413,2
monkeyc1g1s414,2
monkeyc1g1s415,2
monkeyc1g1s416,2
monkeyc1g1s417,2
monkeyc1g1s418,2
monkeyc1g1s419,2
monkeyc1g1s420,2
monkeyc1g1s421,2
monkeyc1g1s422,2
monkeyc1g1s423,2
monkeyc1g1s424,2
monkeyc1g1s425,2
monkeyc1g1s426,2
monkeyc1g1s427,2
monkeyc1g1s428,2
monkeyc1g1s429,2
monkeyc1g1s430,2
monkeyc1g1s431,2
monkeyc1g1s432,2
monkeyc1g1s433,2
monkeyc1g1s434,2
monkeyc1g1s435,2
monkeyc1g1s436,2
monkeyc1g1s437,2
monkeyc1g1s438,2
monkeyc1g1s439,2
monkeyc1g1s440,2
monkeyc1g1s441,2
monkeyc1g1s442,2
monkeyc1g1s443,2
monkeyc1g1s444,2
monkeyc1g1s445,2
monkeyc1g1s446,2
monkeyc1g1s447,2
monkeyc1g1s448,2
monkeyc1g1s449,2
monkeyc1g1s450,2
monkeyc1g1s451,2
monkeyc1g1s452,2
monkeyc1g1s453,2
monkeyc1g1s454,2
monkeyc1g1s455,2
monkeyc1g1s456,2
monkeyc1g1s457,2
monkeyc1g1s458,2
monkeyc1g1s459,2
monkeyc1g1s460,2
monkeyc1g1s461,2
monkeyc1g1s462,2
monkeyc1g1s463,2
monkeyc1g1s464,2
monkeyc1g1s465,2
monkeyc1g1s466,2
monkeyc1g1s467,2
monkeyc1g1s468,2
monkeyc1g1s469,2
monkeyc1g1s470,2
monkeyc1g1s471,2
monkeyc1g1s472,2
monkeyc1g1s473,2
monkeyc1g1s474,2
monkeyc1g1s475,2
monkeyc1g1s476,2
monkeyc1g1s477,2
monkeyc1g1s478,2
monkeyc1g1s479,2
monkeyc1g1s480,2
monkeyc1g1s481,2
monkeyc1g1s482,2
monkeyc1g1s483,2
monkeyc1g1s484,2
monkeyc1g1s485,2
monkeyc1g1s486,2
monkeyc1g1s487,2
monkeyc1g1s488,2
monkeyc1g1s489,2
monkeyc1g1s490,2
monkeyc1g1s491,2
monkeyc1g1s492,2
monkeyc1g1s493,2
monkeyc1g1s494,2
monkeyc1g1s495,2
monkeyc1g1s496,2
monkeyc1g1s497,2
monkeyc1g1s498,2
monkeyc1g1s499,2
monkeyc1g1s500,2
monkeyc2g2s501,2
monkeyc2g2s502,2
monkeyc2g2s503,2
monkeyc2g2s504,2
monkeyc2g2s505,2
monkeyc2g2s506,2
monkeyc2g2s507,2
monkeyc2g2s508,2
monkeyc2g2s509,2
monkeyc2g2s510,2
monkeyc2g2s511,2
monkeyc2g2s512,2
monkeyc2g2s513,2
monkeyc2g2s514,2
monkeyc2g2s515,2
monkeyc2g2s516,2
monkeyc2g2s517,2
monkeyc2g2s518,2
monkeyc2g2s519,2
monkeyc2g2s520,2
monkeyc2g2s521,2
monkeyc2g2s522,2
monkeyc2g2s523,2
monkeyc2g2s524,2
monkeyc2g2s525,2
monkeyc2g2s526,2
monkeyc2g2s527,2
monkeyc2g2s528,2
monkeyc2g2s529,2
monkeyc2g2s530,2
monkeyc2g2s531,2
monkeyc2g2s532,2
monkeyc2g2s533,2
monkeyc2g2s534,2
monkeyc2g2s535,2
monkeyc2g2s536,2
monkeyc2g2s537,2
monkeyc2g2s538,2
monkeyc2g2s539,2
monkeyc2g2s540,2
monkeyc2g2s541,2
monkeyc2g2s542,2
monkeyc2g2s543,2
monkeyc2g2s544,2
monkeyc2g2s545,2
monkeyc2g2s546,2
monkeyc2g2s547,2
monkeyc2g2s548,2
monkeyc2g2s549,2
monkeyc2g2s550,2
monkeyc2g2s551,2
monkeyc2g2s552,2
monkeyc2g2s553,2
monkeyc2g2s554,2
monkeyc2g2s555,2
monkeyc2g2s556,2
monkeyc2g2s557,2
monkeyc2g2s558,2
monkeyc2g2s559,2
monkeyc2g2s560,2
monkeyc2g2s561,2
monkeyc2g2s562,2
monkeyc2g2s563,2
monkeyc2g2s564,2
monkeyc2g2s565,2
monkeyc2g2s566,2
monkeyc2g2s567,2
monkeyc2g2s568,2
monkeyc2g2s569,2
monkeyc2g2s570,2
monkeyc2g2s571,2
monkeyc2g2s572,2
monkeyc2g2s573,2
monkeyc2g2s574,2
monkeyc2g2s575,2
monkeyc2g2s576,2
monkeyc2g2s577,2
monkeyc2g2s578,2
monkeyc2g2s579,2
monkeyc2g2s580,2
monkeyc2g2s581,2
monkeyc2g2s582,2
monkeyc2g2s583,2
monkeyc2g2s584,2
monkeyc2g2s585,2
monkeyc2g2s586,2
monkeyc2g2s587,2
monkeyc2g2s588,2
monkeyc2g2s589,2
monkeyc2g2s590,2
monkeyc2g2s591,2
monkeyc2g2s592,2
monkeyc2g2s593,2
monkeyc2g2s594,2
monkeyc2g2s595,2
monkeyc2g2s596,2
monkeyc2g2s597,2
monkeyc2g2s598,2
monkeyc2g2s599,2
monkeyc2g2s600,2
monkeyc2g2s601,2
monkeyc2g2s602,2
monkeyc2g2s603,2
monkeyc2g2s604,2
monkeyc2g2s605,2
monkeyc2g2s606,2
monkeyc2g2s607,2
monkeyc2g2s608,2
monkeyc2g2s609,2
monkeyc2g2s610,2
monkeyc2g2s611,2
monkeyc2g2s612,2
monkeyc2g2s613,2
monkeyc2g2s614,2
monkeyc2g2s615,2
monkeyc2g2s616,2
monkeyc2g2s617,2
monkeyc2g2s618,2
monkeyc2g2s619,2
monkeyc2g2s620,2
monkeyc2g2s621,2
monkeyc2g2s622,2
monkeyc2g2s623,2
monkeyc2g2s624,2
monkeyc2g2s625,2
monkeyc2g2s626,2
monkeyc2g2s627,2
monkeyc2g2s628,2
monkeyc2g2s629,2
monkeyc2g2s630,2
monkeyc2g2s631,2
monkeyc2g2s632,2
monkeyc2g2s633,2
monkeyc2g2s634,2
monkeyc2g2s635,2
monkeyc2g2s636,2
monkeyc2g2s637,2
monkeyc2g2s638,2
monkeyc2g2s639,2
monkeyc2g2s640,2
monkeyc2g2s641,2
monkeyc2g2s642,2
monkeyc2g2s643,2
monkeyc2g2s644,2
monkeyc2g2s645,2
monkeyc2g2s646,2
monkeyc2g2s647,2
monkeyc2g2s648,2
monkeyc2g2s649,2
monkeyc2g2s650,2
monkeyc2g2s651,2
monkeyc2g2s652,2
monkeyc2g2s653,2
monkeyc2g2s654,2
monkeyc2g2s655,2
monkeyc2g2s656,2
monkeyc2g2s657,2
monkeyc2g2s658,2
monkeyc2g2s659,2
monkeyc2g2s660,2
monkeyc2g2s661,2
monkeyc2g2s662,2
monkeyc2g2s663,2
monkeyc2g2s664,2
monkeyc2g2s665,2
monkeyc2g2s666,2
monkeyc2g2s667,2
monkeyc2g2s668,2
monkeyc2g2s669,2
monkeyc2g2s670,2
monkeyc2g2s671,2
monkeyc2g2s672,2
monkeyc2g2s673,2
monkeyc2g2s674,2
monkeyc2g2s675,2
monkeyc2g2s676,2
monkeyc2g2s677,2
monkeyc2g2s678,2
monkeyc2g2s679,2
monkeyc2g2s680,2
monkeyc2g2s681,2
monkeyc2g2s682,2
monkeyc2g2s683,2
monkeyc2g2s684,2
monkeyc2g2s685,2
monkeyc2g2s686,2
monkeyc2g2s687,2
monkeyc2g2s688,2
monkeyc2g2s689,2
monkeyc2g2s690,2
monkeyc2g2s691,2
monkeyc2g2s692,2
monkeyc2g2s693,2
monkeyc2g2s694,2
monkeyc2g2s695,2
monkeyc2g2s696,2
monkeyc2g2s697,2
monkeyc2g2s698,2
monkeyc2g2s699,2
monkeyc2g2s700,2
monkeyc2g2s701,2
monkeyc2g2s702,2
monkeyc2g2s703,2
monkeyc2g2s704,2
monkeyc2g2s705,2
monkeyc2g2s706,2
monkeyc2g2s707,2
monkeyc2g2s708,2
monkeyc2g2s709,2
monkeyc2g2s710,2
monkeyc2g2s711,2
monkeyc2g2s712,2
monkeyc2g2s713,2
monkeyc2g2s714,2
monkeyc2g2s715,2
monkeyc2g2s716,2
monkeyc2g2s717,2
monkeyc2g2s718,2
monkeyc2g2s719,2
monkeyc2g2s720,2
monkeyc2g2s721,2
monkeyc2g2s722,2
monkeyc2g2s723,2
monkeyc2g2s724,2
monkeyc2g2s725,2
monkeyc2g2s726,2
monkeyc2g2s727,2
monkeyc2g2s728,2
monkeyc2g2s729,2
monkeyc2g2s730,2
monkeyc2g2s731,2
monkeyc2g2s732,2
monkeyc2g2s733,2
monkeyc2g2s734,2
monkeyc2g2s735,2
monkeyc2g2s736,2
monkeyc2g2s737,2
monkeyc2g2s738,2
monkeyc2g2s739,2
monkeyc2g2s740,2
monkeyc2g2s741,2
monkeyc2g2s742,2
monkeyc2g2s743,2
monkeyc2g2s744,2
monkeyc2g2s745,2
monkeyc2g2s746,2
monkeyc2g2s747,2
monkeyc2g2s748,2
monkeyc2g2s749,2
monkeyc2g2s750,2
monkeyc2g2s751,2
monkeyc2g2s752,2
monkeyc2g2s753,2
monkeyc2g2s754,2
monkeyc2g2s755,2
monkeyc2g2s756,2
monkeyc2g2s757,2
monkeyc2g2s758,2
monkeyc2g2s759,2
monkeyc2g2s760,2
monkeyc2g2s761,2
monkeyc2g2s762,2
monkeyc2g2s763,2
monkeyc2g2s764,2
monkeyc2g2s765,2
monkeyc2g2s766,2
monkeyc2g2s767,2
monkeyc2g2s768,2
monkeyc2g2s769,2
monkeyc2g2s770,2
monkeyc2g2s771,2
monkeyc2g2s772,2
monkeyc2g2s773,2
monkeyc2g2s774,2
monkeyc2g2s775,2
monkeyc2g2s776,2
monkeyc2g2s777,2
monkeyc2g2s778,2
monkeyc2g2s779,2
monkeyc2g2s780,2
monkeyc2g2s781,2
monkeyc2g2s782,2
monkeyc2g2s783,2
monkeyc2g2s784,2
monkeyc2g2s785,2
monkeyc2g2s786,2
monkeyc2g2s787,2
monkeyc2g2s788,2
monkeyc2g2s789,2
monkeyc2g2s790,2
monkeyc2g2s791,2
monkeyc2g2s792,2
monkeyc2g2s793,2
monkeyc2g2s794,2
monkeyc2g2s795,2
monkeyc2g2s796,2
monkeyc2g2s797,2
monkeyc2g2s798,2
monkeyc2g2s799,2
monkeyc2g2s800,2
monkeyc2g2s801,2
monkeyc2g2s802,2
monkeyc2g2s803,2
monkeyc2g2s804,2
monkeyc2g2s805,2
monkeyc2g2s806,2
monkeyc2g2s807,2
monkeyc2g2s808,2
monkeyc2g2s809,2
monkeyc2g2s810,2
monkeyc2g2s811,2
monkeyc2g2s812,2
monkeyc2g2s813,2
monkeyc2g2s814,2
monkeyc2g2s815,2
monkeyc2g2s816,2
monkeyc2g2s817,2
monkeyc2g2s818,2
monkeyc2g2s819,2
monkeyc2g2s820,2
monkeyc2g2s821,2
monkeyc2g2s822,2
monkeyc2g2s823,2
monkeyc2g2s824,2
monkeyc2g2s825,2
monkeyc2g2s826,2
monkeyc2g2s827,2
monkeyc2g2s828,2
monkeyc2g2s829,2
monkeyc2g2s830,2
monkeyc2g2s831,2
monkeyc2g2s832,2
monkeyc2g2s833,2
monkeyc2g2s834,2
monkeyc2g2s835,2
monkeyc2g2s836,2
monkeyc2g2s837,2
monkeyc2g2s838,2
monkeyc2g2s839,2
monkeyc2g2s840,2
monkeyc2g2s841,2
monkeyc2g2s842,2
monkeyc2g2s843,2
monkeyc2g2s844,2
monkeyc2g2s845,2
monkeyc2g2s846,2
monkeyc2g2s847,2
monkeyc2g2s848,2
monkeyc2g2s849,2
monkeyc2g2s850,2
monkeyc2g2s851,2
monkeyc2g2s852,2
monkeyc2g2s853,2
monkeyc2g2s854,2
monkeyc2g2s855,2
monkeyc2g2s856,2
monkeyc2g2s857,2
monkeyc2g2s858,2
monkeyc2g2s859,2
monkeyc2g2s860,2
monkeyc2g2s861,2
monkeyc2g2s862,2
monkeyc2g2s863,2
monkeyc2g2s864,2
monkeyc2g2s865,2
monkeyc2g2s866,2
monkeyc2g2s867,2
monkeyc2g2s868,2
monkeyc2g2s869,2
monkeyc2g2s870,2
monkeyc2g2s871,2
monkeyc2g2s872,2
monkeyc2g2s873,2
monkeyc2g2s874,2
monkeyc2g2s875,2
monkeyc2g2s876,2
monkeyc2g2s877,2
monkeyc2g2s878,2
monkeyc2g2s879,2
monkeyc2g2s880,2
monkeyc2g2s881,2
monkeyc2g2s882,2
monkeyc2g2s883,2
monkeyc2g2s884,2
monkeyc2g2s885,2
monkeyc2g2s886,2
monkeyc2g2s887,2
monkeyc2g2s888,2
monkeyc2g2s889,2
monkeyc2g2s890,2
monkeyc2g2s891,2
monkeyc2g2s892,2
monkeyc2g2s893,2
monkeyc2g2s894,2
monkeyc2g2s895,2
monkeyc2g2s896,2
monkeyc2g2s897,2
monkeyc2g2s898,2
monkeyc2g2s899,2
monkeyc2g2s900,2
monkeyc2g2s901,2
monkeyc2g2s902,2
monkeyc2g2s903,2
monkeyc2g2s904,2
monkeyc2g2s905,2
monkeyc2g2s906,2
monkeyc2g2s907,2
monkeyc2g2s908,2
monkeyc2g2s909,2
monkeyc2g2s910,2
monkeyc2g2s911,2
monkeyc2g2s912,2
monkeyc2g2s913,2
monkeyc2g2s914,2
monkeyc2g2s915,2
monkeyc2g2s916,2
monkeyc2g2s917,2
monkeyc2g2s918,2
monkeyc2g2s919,2
monkeyc2g2s920,2
monkeyc2g2s921,2
monkeyc2g2s922,2
monkeyc2g2s923,2
monkeyc2g2s924,2
monkeyc2g2s925,2
monkeyc2g2s926,2
monkeyc2g2s927,2
monkeyc2g2s928,2
monkeyc2g2s929,2
monkeyc2g2s930,2
monkeyc2g2s931,2
monkeyc2g2s932,2
monkeyc2g2s933,2
monkeyc2g2s934,2
monkeyc2g2s935,2
monkeyc2g2s936,2
monkeyc2g2s937,2
monkeyc2g2s938,2
monkeyc2g2s939,2
monkeyc2g2s940,2
monkeyc2g2s941,2
monkeyc2g2s942,2
monkeyc2g2s943,2
monkeyc2g2s944,2
monkeyc2g2s945,2
monkeyc2g2s946,2
monkeyc2g2s947,2
monkeyc2g2s948,2
monkeyc2g2s949,2
monkeyc2g2s950,2
monkeyc2g2s951,2
monkeyc2g2s952,2
monkeyc2g2s953,2
monkeyc2g2s954,2
monkeyc2g2s955,2
monkeyc2g2s956,2
monkeyc2g2s957,2
monkeyc2g2s958,2
monkeyc2g2s959,2
monkeyc2g2s960,2
monkeyc2g2s961,2
monkeyc2g2s962,2
monkeyc2g2s963,2
monkeyc2g2s964,2
monkeyc2g2s965,2
monkeyc2g2s966,2
monkeyc2g2s967,2
monkeyc2g2s968,2
monkeyc2g2s969,2
monkeyc2g2s970,2
monkeyc2g2s971,2
monkeyc2g2s972,2
monkeyc2g2s973,2
monkeyc2g2s974,2
monkeyc2g2s975,2
monkeyc2g2s976,2
monkeyc2g2s977,2
monkeyc2g2s978,2
monkeyc2g2s979,2
monkeyc2g2s980,2
monkeyc2g2s981,2
monkeyc2g2s982,2
monkeyc2g2s983,2
monkeyc2g2s984,2
monkeyc2g2s985,2
monkeyc2g2s986,2
monkeyc2g2s987,2
monkeyc2g2s988,2
monkeyc2g2s989,2
monkeyc2g2s990,2
monkeyc2g2s991,2
monkeyc2g2s992,2
monkeyc2g2s993,2
monkeyc2g2s994,2
monkeyc2g2s995,2
monkeyc2g2s996,2
monkeyc2g2s997,2
monkeyc2g2s998,2
monkeyc2g2s999,2
monkeyc2g2s1000,2
monkeyc3l1s1001,9
monkeyc3l1s1002,9
monkeyc3l1s1003,9
monkeyc3l1s1004,9
monkeyc3l1s1005,9
monkeyc3l1s1006,9
monkeyc3l1s1007,9
monkeyc3l1s1008,9
monkeyc3l1s1009,9
monkeyc3l1s1010,9
monkeyc3l1s1011,9
monkeyc3l1s1012,9
monkeyc3l1s1013,9
monkeyc3l1s1014,9
monkeyc3l1s1015,9
monkeyc3l1s1016,9
monkeyc3l1s1017,9
monkeyc3l1s1018,9
monkeyc3l1s1019,9
monkeyc3l1s1020,9
monkeyc3l1s1021,9
monkeyc3l1s1022,9
monkeyc3l1s1023,9
monkeyc3l1s1024,9
monkeyc3l1s1025,9
monkeyc3l1s1026,9
monkeyc3l1s1027,9
monkeyc3l1s1028,9
monkeyc3l1s1029,9
monkeyc3l1s1030,9
monkeyc3l1s1031,9
monkeyc3l1s1032,9
monkeyc3l1s1033,9
monkeyc3l1s1034,9
monkeyc3l1s1035,9
monkeyc3l1s1036,9
monkeyc3l1s1037,9
monkeyc3l1s1038,9
monkeyc3l1s1039,9
monkeyc3l1s1040,9
monkeyc3l1s1041,9
monkeyc3l1s1042,9
monkeyc3l1s1043,9
monkeyc3l1s1044,9
monkeyc3l1s1045,9
monkeyc3l1s1046,9
monkeyc3l1s1047,9
monkeyc3l1s1048,9
monkeyc3l1s1049,9
monkeyc3l1s1050,9
monkeyc3l1s1051,9
monkeyc3l1s1052,9
monkeyc3l1s1053,9
monkeyc3l1s1054,9
monkeyc3l1s1055,9
monkeyc3l1s1056,9
monkeyc3l1s1057,9
monkeyc3l1s1058,9
monkeyc3l1s1059,9
monkeyc3l1s1060,9
monkeyc3l1s1061,9
monkeyc3l1s1062,9
monkeyc3l1s1063,9
monkeyc3l1s1064,9
monkeyc3l1s1065,9
monkeyc3l1s1066,9
monkeyc3l1s1067,9
monkeyc3l1s1068,9
monkeyc3l1s1069,9
monkeyc3l1s1070,9
monkeyc3l1s1071,9
monkeyc3l1s1072,9
monkeyc3l1s1073,9
monkeyc3l1s1074,9
monkeyc3l1s1075,9
monkeyc3l1s1076,9
monkeyc3l1s1077,9
monkeyc3l1s1078,9
monkeyc3l1s1079,9
monkeyc3l1s1080,9
monkeyc3l1s1081,9
monkeyc3l1s1082,9
monkeyc3l1s1083,9
monkeyc3l1s1084,9
monkeyc3l1s1085,9
monkeyc3l1s1086,9
monkeyc3l1s1087,9
monkeyc3l1s1088,9
monkeyc3l1s1089,9
monkeyc3l1s1090,9
monkeyc3l1s1091,9
monkeyc3l1s1092,9
monkeyc3l1s1093,9
monkeyc3l1s1094,9
monkeyc3l1s1095,9
monkeyc3l1s1096,9
monkeyc3l1s1097,9
monkeyc3l1s1098,9
monkeyc3l1s1099,9
monkeyc3l1s1100,9
monkeyc3l1s1101,9
monkeyc3l1s1102,9
monkeyc3l1s1103,9
monkeyc3l1s1104,9
monkeyc3l1s1105,9
monkeyc3l1s1106,9
monkeyc3l1s1107,9
monkeyc3l1s1108,9
monkeyc3l1s1109,9
monkeyc3l1s1110,9
monkeyc3l1s1111,9
monkeyc3l1s1112,9
monkeyc3l1s1113,9
monkeyc3l1s1114,9
monkeyc3l1s1115,9
monkeyc3l1s1116,9
monkeyc3l1s1117,9
monkeyc3l1s1118,9
monkeyc3l1s1119,9
monkeyc3l1s1120,9
monkeyc3l1s1121,9
monkeyc3l1s1122,9
monkeyc3l1s1123,9
monkeyc3l1s1124,9
monkeyc3l1s1125,9
monkeyc3l1s1126,9
monkeyc3l1s1127,9
monkeyc3l1s1128,9
monkeyc3l1s1129,9
monkeyc3l1s1130,9
monkeyc3l1s1131,9
monkeyc3l1s1132,9
monkeyc3l1s1133,9
monkeyc3l1s1134,9
monkeyc3l1s1135,9
monkeyc3l1s1136,9
monkeyc3l1s1137,9
monkeyc3l1s1138,9
monkeyc3l1s1139,9
monkeyc3l1s1140,9
monkeyc3l1s1141,9
monkeyc3l1s1142,9
monkeyc3l1s1143,9
monkeyc3l1s1144,9
monkeyc3l1s1145,9
monkeyc3l1s1146,9
monkeyc3l1s1147,9
monkeyc3l1s1148,9
monkeyc3l1s1149,9
monkeyc3l1s1150,9
monkeyc3l1s1151,9
monkeyc3l1s1152,9
monkeyc3l1s1153,9
monkeyc3l1s1154,9
monkeyc3l1s1155,9
monkeyc3l1s1156,9
monkeyc3l1s1157,9
monkeyc3l1s1158,9
monkeyc3l1s1159,9
monkeyc3l1s1160,9
monkeyc3l1s1161,9
monkeyc3l1s1162,9
monkeyc3l1s1163,9
monkeyc3l1s1164,9
monkeyc3l1s1165,9
monkeyc3l1s1166,9
monkeyc3l1s1167,9
monkeyc3l1s1168,9
monkeyc3l1s1169,9
monkeyc3l1s1170,9
monkeyc3l1s1171,9
monkeyc3l1s1172,9
monkeyc3l1s1173,9
monkeyc3l1s1174,9
monkeyc3l1s1175,9
monkeyc3l1s1176,9
monkeyc3l1s1177,9
monkeyc3l1s1178,9
monkeyc3l1s1179,9
monkeyc3l1s1180,9
monkeyc3l1s1181,9
monkeyc3l1s1182,9
monkeyc3l1s1183,9
monkeyc3l1s1184,9
monkeyc3l1s1185,9
monkeyc3l1s1186,9
monkeyc3l1s1187,9
monkeyc3l1s1188,9
monkeyc3l1s1189,9
monkeyc3l1s1190,9
monkeyc3l1s1191,9
monkeyc3l1s1192,9
monkeyc3l1s1193,9
monkeyc3l1s1194,9
monkeyc3l1s1195,9
monkeyc3l1s1196,9
monkeyc3l1s1197,9
monkeyc3l1s1198,9
monkeyc3l1s1199,9
monkeyc3l1s1200,9
monkeyc3l1s1201,9
monkeyc3l1s1202,9
monkeyc3l1s1203,9
monkeyc3l1s1204,9
monkeyc3l1s1205,9
monkeyc3l1s1206,9
monkeyc3l1s1207,9
monkeyc3l1s1208,9
monkeyc3l1s1209,9
monkeyc3l1s1210,9
monkeyc3l1s1211,9
monkeyc3l1s1212,9
monkeyc3l1s1213,9
monkeyc3l1s1214,9
monkeyc3l1s1215,9
monkeyc3l1s1216,9
monkeyc3l1s1217,9
monkeyc3l1s1218,9
monkeyc3l1s1219,9
monkeyc3l1s1220,9
monkeyc3l1s1221,9
monkeyc3l1s1222,9
monkeyc3l1s1223,9
monkeyc3l1s1224,9
monkeyc3l1s1225,9
monkeyc3l1s1226,9
monkeyc3l1s1227,9
monkeyc3l1s1228,9
monkeyc3l1s1229,9
monkeyc3l1s1230,9
monkeyc3l1s1231,9
monkeyc3l1s1232,9
monkeyc3l1s1233,9
monkeyc3l1s1234,9
monkeyc3l1s1235,9
monkeyc3l1s1236,9
monkeyc3l1s1237,9
monkeyc3l1s1238,9
monkeyc3l1s1239,9
monkeyc3l1s1240,9
monkeyc3l1s1241,9
monkeyc3l1s1242,9
monkeyc3l1s1243,9
monkeyc3l1s1244,9
monkeyc3l1s1245,9
monkeyc3l1s1246,9
monkeyc3l1s1247,9
monkeyc3l1s1248,9
monkeyc3l1s1249,9
monkeyc3l1s1250,9
monkeyc3l1s1251,9
monkeyc3l1s1252,9
monkeyc3l1s1253,9
monkeyc3l1s1254,9
monkeyc3l1s1255,9
monkeyc3l1s1256,9
monkeyc3l1s1257,9
monkeyc3l1s1258,9
monkeyc3l1s1259,9
monkeyc3l1s1260,9
monkeyc3l1s1261,9
monkeyc3l1s1262,9
monkeyc3l1s1263,9
monkeyc3l1s1264,9
monkeyc3l1s1265,9
monkeyc3l1s1266,9
monkeyc3l1s1267,9
monkeyc3l1s1268,9
monkeyc3l1s1269,9
monkeyc3l1s1270,9
monkeyc3l1s1271,9
monkeyc3l1s1272,9
monkeyc3l1s1273,9
monkeyc3l1s1274,9
monkeyc3l1s1275,9
monkeyc3l1s1276,9
monkeyc3l1s1277,9
monkeyc3l1s1278,9
monkeyc3l1s1279,9
monkeyc3l1s1280,9
monkeyc3l1s1281,9
monkeyc3l1s1282,9
monkeyc3l1s1283,9
monkeyc3l1s1284,9
monkeyc3l1s1285,9
monkeyc3l1s1286,9
monkeyc3l1s1287,9
monkeyc3l1s1288,9
monkeyc3l1s1289,9
monkeyc3l1s1290,9
monkeyc3l1s1291,9
monkeyc3l1s1292,9
monkeyc3l1s1293,9
monkeyc3l1s1294,9
monkeyc3l1s1295,9
monkeyc3l1s1296,9
monkeyc3l1s1297,9
monkeyc3l1s1298,9
monkeyc3l1s1299,9
monkeyc3l1s1300,9
monkeyc3l1s1301,9
monkeyc3l1s1302,9
monkeyc3l1s1303,9
monkeyc3l1s1304,9
monkeyc3l1s1305,9
monkeyc3l1s1306,9
monkeyc3l1s1307,9
monkeyc3l1s1308,9
monkeyc3l1s1309,9
monkeyc3l1s1310,9
monkeyc3l1s1311,9
monkeyc3l1s1312,9
monkeyc3l1s1313,9
monkeyc3l1s1314,9
monkeyc3l1s1315,9
monkeyc3l1s1316,9
monkeyc3l1s1317,9
monkeyc3l1s1318,9
monkeyc3l1s1319,9
monkeyc3l1s1320,9
monkeyc3l1s1321,9
monkeyc3l1s1322,9
monkeyc3l1s1323,9
monkeyc3l1s1324,9
monkeyc3l1s1325,9
monkeyc3l1s1326,9
monkeyc3l1s1327,9
monkeyc3l1s1328,9
monkeyc3l1s1329,9
monkeyc3l1s1330,9
monkeyc3l1s1331,9
monkeyc3l1s1332,9
monkeyc3l1s1333,9
monkeyc3l1s1334,9
monkeyc3l1s1335,9
monkeyc3l1s1336,9
monkeyc3l1s1337,9
monkeyc3l1s1338,9
monkeyc3l1s1339,9
monkeyc3l1s1340,9
monkeyc3l1s1341,9
monkeyc3l1s1342,9
monkeyc3l1s1343,9
monkeyc3l1s1344,9
monkeyc3l1s1345,9
monkeyc3l1s1346,9
monkeyc3l1s1347,9
monkeyc3l1s1348,9
monkeyc3l1s1349,9
monkeyc3l1s1350,9
monkeyc3l1s1351,9
monkeyc3l1s1352,9
monkeyc3l1s1353,9
monkeyc3l1s1354,9
monkeyc3l1s1355,9
monkeyc3l1s1356,9
monkeyc3l1s1357,9
monkeyc3l1s1358,9
monkeyc3l1s1359,9
monkeyc3l1s1360,9
monkeyc3l1s1361,9
monkeyc3l1s1362,9
monkeyc3l1s1363,9
monkeyc3l1s1364,9
monkeyc3l1s1365,9
monkeyc3l1s1366,9
monkeyc3l1s1367,9
monkeyc3l1s1368,9
monkeyc3l1s1369,9
monkeyc3l1s1370,9
monkeyc3l1s1371,9
monkeyc3l1s1372,9
monkeyc3l1s1373,9
monkeyc3l1s1374,9
monkeyc3l1s1375,9
monkeyc3l1s1376,9
monkeyc3l1s1377,9
monkeyc3l1s1378,9
monkeyc3l1s1379,9
monkeyc3l1s1380,9
monkeyc3l1s1381,9
monkeyc3l1s1382,9
monkeyc3l1s1383,9
monkeyc3l1s1384,9
monkeyc3l1s1385,9
monkeyc3l1s1386,9
monkeyc3l1s1387,9
monkeyc3l1s1388,9
monkeyc3l1s1389,9
monkeyc3l1s1390,9
monkeyc3l1s1391,9
monkeyc3l1s1392,9
monkeyc3l1s1393,9
monkeyc3l1s1394,9
monkeyc3l1s1395,9
monkeyc3l1s1396,9
monkeyc3l1s1397,9
monkeyc3l1s1398,9
monkeyc3l1s1399,9
monkeyc3l1s1400,9
monkeyc3l1s1401,9
monkeyc3l1s1402,9
monkeyc3l1s1403,9
monkeyc3l1s1404,9
monkeyc3l1s1405,9
monkeyc3l1s1406,9
monkeyc3l1s1407,9
monkeyc3l1s1408,9
monkeyc3l1s1409,9
monkeyc3l1s1410,9
monkeyc3l1s1411,9
monkeyc3l1s1412,9
monkeyc3l1s1413,9
monkeyc3l1s1414,9
monkeyc3l1s1415,9
monkeyc3l1s1416,9
monkeyc3l1s1417,9
monkeyc3l1s1418,9
monkeyc3l1s1419,9
monkeyc3l1s1420,9
monkeyc3l1s1421,9
monkeyc3l1s1422,9
monkeyc3l1s1423,9
monkeyc3l1s1424,9
monkeyc3l1s1425,9
monkeyc3l1s1426,9
monkeyc3l1s1427,9
monkeyc3l1s1428,9
monkeyc3l1s1429,9
monkeyc3l1s1430,9
monkeyc3l1s1431,9
monkeyc3l1s1432,9
monkeyc3l1s1433,9
monkeyc3l1s1434,9
monkeyc3l1s1435,9
monkeyc3l1s1436,9
monkeyc3l1s1437,9
monkeyc3l1s1438,9
monkeyc3l1s1439,9
monkeyc3l1s1440,9
monkeyc3l1s1441,9
monkeyc3l1s1442,9
monkeyc3l1s1443,9
monkeyc3l1s1444,9
monkeyc3l1s1445,9
monkeyc3l1s1446,9
monkeyc3l1s1447,9
monkeyc3l1s1448,9
monkeyc3l1s1449,9
monkeyc3l1s1450,9
monkeyc3l1s1451,9
monkeyc3l1s1452,9
monkeyc3l1s1453,9
monkeyc3l1s1454,9
monkeyc3l1s1455,9
monkeyc3l1s1456,9
monkeyc3l1s1457,9
monkeyc3l1s1458,9
monkeyc3l1s1459,9
monkeyc3l1s1460,9
monkeyc3l1s1461,9
monkeyc3l1s1462,9
monkeyc3l1s1463,9
monkeyc3l1s1464,9
monkeyc3l1s1465,9
monkeyc3l1s1466,9
monkeyc3l1s1467,9
monkeyc3l1s1468,9
monkeyc3l1s1469,9
monkeyc3l1s1470,9
monkeyc3l1s1471,9
monkeyc3l1s1472,9
monkeyc3l1s1473,9
monkeyc3l1s1474,9
monkeyc3l1s1475,9
monkeyc3l1s1476,9
monkeyc3l1s1477,9
monkeyc3l1s1478,9
monkeyc3l1s1479,9
monkeyc3l1s1480,9
monkeyc3l1s1481,9
monkeyc3l1s1482,9
monkeyc3l1s1483,9
monkeyc3l1s1484,9
monkeyc3l1s1485,9
monkeyc3l1s1486,9
monkeyc3l1s1487,9
monkeyc3l1s1488,9
monkeyc3l1s1489,9
monkeyc3l1s1490,9
monkeyc3l1s1491,9
monkeyc3l1s1492,9
monkeyc3l1s1493,9
monkeyc3l1s1494,9
monkeyc3l1s1495,9
monkeyc3l1s1496,9
monkeyc3l1s1497,9
monkeyc3l1s1498,9
monkeyc3l1s1499,9
monkeyc3l1s1500,9
monkeyc4l2s1501,7
monkeyc4l2s1502,7
monkeyc4l2s1503,7
monkeyc4l2s1504,7
monkeyc4l2s1505,7
monkeyc4l2s1506,7
monkeyc4l2s1507,7
monkeyc4l2s1508,7
monkeyc4l2s1509,7
monkeyc4l2s1510,7
monkeyc4l2s1511,7
monkeyc4l2s1512,7
monkeyc4l2s1513,7
monkeyc4l2s1514,7
monkeyc4l2s1515,7
monkeyc4l2s1516,7
monkeyc4l2s1517,7
monkeyc4l2s1518,7
monkeyc4l2s1519,7
monkeyc4l2s1520,7
monkeyc4l2s1521,7
monkeyc4l2s1522,7
monkeyc4l2s1523,7
monkeyc4l2s1524,7
monkeyc4l2s1525,7
monkeyc4l2s1526,7
monkeyc4l2s1527,7
monkeyc4l2s1528,7
monkeyc4l2s1529,7
monkeyc4l2s1530,7
monkeyc4l2s1531,7
monkeyc4l2s1532,7
monkeyc4l2s1533,7
monkeyc4l2s1534,7
monkeyc4l2s1535,7
monkeyc4l2s1536,7
monkeyc4l2s1537,7
monkeyc4l2s1538,7
monkeyc4l2s1539,7
monkeyc4l2s1540,7
monkeyc4l2s1541,7
monkeyc4l2s1542,7
monkeyc4l2s1543,7
monkeyc4l2s1544,7
monkeyc4l2s1545,7
monkeyc4l2s1546,7
monkeyc4l2s1547,7
monkeyc4l2s1548,7
monkeyc4l2s1549,7
monkeyc4l2s1550,7
monkeyc4l2s1551,7
monkeyc4l2s1552,7
monkeyc4l2s1553,7
monkeyc4l2s1554,7
monkeyc4l2s1555,7
monkeyc4l2s1556,7
monkeyc4l2s1557,7
monkeyc4l2s1558,7
monkeyc4l2s1559,7
monkeyc4l2s1560,7
monkeyc4l2s1561,7
monkeyc4l2s1562,7
monkeyc4l2s1563,7
monkeyc4l2s1564,7
monkeyc4l2s1565,7
monkeyc4l2s1566,7
monkeyc4l2s1567,7
monkeyc4l2s1568,7
monkeyc4l2s1569,7
monkeyc4l2s1570,7
monkeyc4l2s1571,7
monkeyc4l2s1572,7
monkeyc4l2s1573,7
monkeyc4l2s1574,7
monkeyc4l2s1575,7
monkeyc4l2s1576,7
monkeyc4l2s1577,7
monkeyc4l2s1578,7
monkeyc4l2s1579,7
monkeyc4l2s1580,7
monkeyc4l2s1581,7
monkeyc4l2s1582,7
monkeyc4l2s1583,7
monkeyc4l2s1584,7
monkeyc4l2s1585,7
monkeyc4l2s1586,7
monkeyc4l2s1587,7
monkeyc4l2s1588,7
monkeyc4l2s1589,7
monkeyc4l2s1590,7
monkeyc4l2s1591,7
monkeyc4l2s1592,7
monkeyc4l2s1593,7
monkeyc4l2s1594,7
monkeyc4l2s1595,7
monkeyc4l2s1596,7
monkeyc4l2s1597,7
monkeyc4l2s1598,7
monkeyc4l2s1599,7
monkeyc4l2s1600,7
monkeyc4l2s1601,7
monkeyc4l2s1602,7
monkeyc4l2s1603,7
monkeyc4l2s1604,7
monkeyc4l2s1605,7
monkeyc4l2s1606,7
monkeyc4l2s1607,7
monkeyc4l2s1608,7
monkeyc4l2s1609,7
monkeyc4l2s1610,7
monkeyc4l2s1611,7
monkeyc4l2s1612,7
monkeyc4l2s1613,7
monkeyc4l2s1614,7
monkeyc4l2s1615,7
monkeyc4l2s1616,7
monkeyc4l2s1617,7
monkeyc4l2s1618,7
monkeyc4l2s1619,7
monkeyc4l2s1620,7
monkeyc4l2s1621,7
monkeyc4l2s1622,7
monkeyc4l2s1623,7
monkeyc4l2s1624,7
monkeyc4l2s1625,7
monkeyc4l2s1626,7
monkeyc4l2s1627,7
monkeyc4l2s1628,7
monkeyc4l2s1629,7
monkeyc4l2s1630,7
monkeyc4l2s1631,7
monkeyc4l2s1632,7
monkeyc4l2s1633,7
monkeyc4l2s1634,7
monkeyc4l2s1635,7
monkeyc4l2s1636,7
monkeyc4l2s1637,7
monkeyc4l2s1638,7
monkeyc4l2s1639,7
monkeyc4l2s1640,7
monkeyc4l2s1641,7
monkeyc4l2s1642,7
monkeyc4l2s1643,7
monkeyc4l2s1644,7
monkeyc4l2s1645,7
monkeyc4l2s1646,7
monkeyc4l2s1647,7
monkeyc4l2s1648,7
monkeyc4l2s1649,7
monkeyc4l2s1650,7
monkeyc4l2s1651,7
monkeyc4l2s1652,7
monkeyc4l2s1653,7
monkeyc4l2s1654,7
monkeyc4l2s1655,7
monkeyc4l2s1656,7
monkeyc4l2s1657,7
monkeyc4l2s1658,7
monkeyc4l2s1659,7
monkeyc4l2s1660,7
monkeyc4l2s1661,7
monkeyc4l2s1662,7
monkeyc4l2s1663,7
monkeyc4l2s1664,7
monkeyc4l2s1665,7
monkeyc4l2s1666,7
monkeyc4l2s1667,7
monkeyc4l2s1668,7
monkeyc4l2s1669,7
monkeyc4l2s1670,7
monkeyc4l2s1671,7
monkeyc4l2s1672,7
monkeyc4l2s1673,7
monkeyc4l2s1674,7
monkeyc4l2s1675,7
monkeyc4l2s1676,7
monkeyc4l2s1677,7
monkeyc4l2s1678,7
monkeyc4l2s1679,7
monkeyc4l2s1680,7
monkeyc4l2s1681,7
monkeyc4l2s1682,7
monkeyc4l2s1683,7
monkeyc4l2s1684,7
monkeyc4l2s1685,7
monkeyc4l2s1686,7
monkeyc4l2s1687,7
monkeyc4l2s1688,7
monkeyc4l2s1689,7
monkeyc4l2s1690,7
monkeyc4l2s1691,7
monkeyc4l2s1692,7
monkeyc4l2s1693,7
monkeyc4l2s1694,7
monkeyc4l2s1695,7
monkeyc4l2s1696,7
monkeyc4l2s1697,7
monkeyc4l2s1698,7
monkeyc4l2s1699,7
monkeyc4l2s1700,7
monkeyc4l2s1701,7
monkeyc4l2s1702,7
monkeyc4l2s1703,7
monkeyc4l2s1704,7
monkeyc4l2s1705,7
monkeyc4l2s1706,7
monkeyc4l2s1707,7
monkeyc4l2s1708,7
monkeyc4l2s1709,7
monkeyc4l2s1710,7
monkeyc4l2s1711,7
monkeyc4l2s1712,7
monkeyc4l2s1713,7
monkeyc4l2s1714,7
monkeyc4l2s1715,7
monkeyc4l2s1716,7
monkeyc4l2s1717,7
monkeyc4l2s1718,7
monkeyc4l2s1719,7
monkeyc4l2s1720,7
monkeyc4l2s1721,7
monkeyc4l2s1722,7
monkeyc4l2s1723,7
monkeyc4l2s1724,7
monkeyc4l2s1725,7
monkeyc4l2s1726,7
monkeyc4l2s1727,7
monkeyc4l2s1728,7
monkeyc4l2s1729,7
monkeyc4l2s1730,7
monkeyc4l2s1731,7
monkeyc4l2s1732,7
monkeyc4l2s1733,7
monkeyc4l2s1734,7
monkeyc4l2s1735,7
monkeyc4l2s1736,7
monkeyc4l2s1737,7
monkeyc4l2s1738,7
monkeyc4l2s1739,7
monkeyc4l2s1740,7
monkeyc4l2s1741,7
monkeyc4l2s1742,7
monkeyc4l2s1743,7
monkeyc4l2s1744,7
monkeyc4l2s1745,7
monkeyc4l2s1746,7
monkeyc4l2s1747,7
monkeyc4l2s1748,7
monkeyc4l2s1749,7
monkeyc4l2s1750,7
monkeyc4l2s1751,7
monkeyc4l2s1752,7
monkeyc4l2s1753,7
monkeyc4l2s1754,7
monkeyc4l2s1755,7
monkeyc4l2s1756,7
monkeyc4l2s1757,7
monkeyc4l2s1758,7
monkeyc4l2s1759,7
monkeyc4l2s1760,7
monkeyc4l2s1761,7
monkeyc4l2s1762,7
monkeyc4l2s1763,7
monkeyc4l2s1764,7
monkeyc4l2s1765,7
monkeyc4l2s1766,7
monkeyc4l2s1767,7
monkeyc4l2s1768,7
monkeyc4l2s1769,7
monkeyc4l2s1770,7
monkeyc4l2s1771,7
monkeyc4l2s1772,7
monkeyc4l2s1773,7
monkeyc4l2s1774,7
monkeyc4l2s1775,7
monkeyc4l2s1776,7
monkeyc4l2s1777,7
monkeyc4l2s1778,7
monkeyc4l2s1779,7
monkeyc4l2s1780,7
monkeyc4l2s1781,7
monkeyc4l2s1782,7
monkeyc4l2s1783,7
monkeyc4l2s1784,7
monkeyc4l2s1785,7
monkeyc4l2s1786,7
monkeyc4l2s1787,7
monkeyc4l2s1788,7
monkeyc4l2s1789,7
monkeyc4l2s1790,7
monkeyc4l2s1791,7
monkeyc4l2s1792,7
monkeyc4l2s1793,7
monkeyc4l2s1794,7
monkeyc4l2s1795,7
monkeyc4l2s1796,7
monkeyc4l2s1797,7
monkeyc4l2s1798,7
monkeyc4l2s1799,7
monkeyc4l2s1800,7
monkeyc4l2s1801,7
monkeyc4l2s1802,7
monkeyc4l2s1803,7
monkeyc4l2s1804,7
monkeyc4l2s1805,7
monkeyc4l2s1806,7
monkeyc4l2s1807,7
monkeyc4l2s1808,7
monkeyc4l2s1809,7
monkeyc4l2s1810,7
monkeyc4l2s1811,7
monkeyc4l2s1812,7
monkeyc4l2s1813,7
monkeyc4l2s1814,7
monkeyc4l2s1815,7
monkeyc4l2s1816,7
monkeyc4l2s1817,7
monkeyc4l2s1818,7
monkeyc4l2s1819,7
monkeyc4l2s1820,7
monkeyc4l2s1821,7
monkeyc4l2s1822,7
monkeyc4l2s1823,7
monkeyc4l2s1824,7
monkeyc4l2s1825,7
monkeyc4l2s1826,7
monkeyc4l2s1827,7
monkeyc4l2s1828,7
monkeyc4l2s1829,7
monkeyc4l2s1830,7
monkeyc4l2s1831,7
monkeyc4l2s1832,7
monkeyc4l2s1833,7
monkeyc4l2s1834,7
monkeyc4l2s1835,7
monkeyc4l2s1836,7
monkeyc4l2s1837,7
monkeyc4l2s1838,7
monkeyc4l2s1839,7
monkeyc4l2s1840,7
monkeyc4l2s1841,7
monkeyc4l2s1842,7
monkeyc4l2s1843,7
monkeyc4l2s1844,7
monkeyc4l2s1845,7
monkeyc4l2s1846,7
monkeyc4l2s1847,7
monkeyc4l2s1848,7
monkeyc4l2s1849,7
monkeyc4l2s1850,7
monkeyc4l2s1851,7
monkeyc4l2s1852,7
monkeyc4l2s1853,7
monkeyc4l2s1854,7
monkeyc4l2s1855,7
monkeyc4l2s1856,7
monkeyc4l2s1857,7
monkeyc4l2s1858,7
monkeyc4l2s1859,7
monkeyc4l2s1860,7
monkeyc4l2s1861,7
monkeyc4l2s1862,7
monkeyc4l2s1863,7
monkeyc4l2s1864,7
monkeyc4l2s1865,7
monkeyc4l2s1866,7
monkeyc4l2s1867,7
monkeyc4l2s1868,7
monkeyc4l2s1869,7
monkeyc4l2s1870,7
monkeyc4l2s1871,7
monkeyc4l2s1872,7
monkeyc4l2s1873,7
monkeyc4l2s1874,7
monkeyc4l2s1875,7
monkeyc4l2s1876,7
monkeyc4l2s1877,7
monkeyc4l2s1878,7
monkeyc4l2s1879,7
monkeyc4l2s1880,7
monkeyc4l2s1881,7
monkeyc4l2s1882,7
monkeyc4l2s1883,7
monkeyc4l2s1884,7
monkeyc4l2s1885,7
monkeyc4l2s1886,7
monkeyc4l2s1887,7
monkeyc4l2s1888,7
monkeyc4l2s1889,7
monkeyc4l2s1890,7
monkeyc4l2s1891,7
monkeyc4l2s1892,7
monkeyc4l2s1893,7
monkeyc4l2s1894,7
monkeyc4l2s1895,7
monkeyc4l2s1896,7
monkeyc4l2s1897,7
monkeyc4l2s1898,7
monkeyc4l2s1899,7
monkeyc4l2s1900,7
monkeyc4l2s1901,7
monkeyc4l2s1902,7
monkeyc4l2s1903,7
monkeyc4l2s1904,7
monkeyc4l2s1905,7
monkeyc4l2s1906,7
monkeyc4l2s1907,7
monkeyc4l2s1908,7
monkeyc4l2s1909,7
monkeyc4l2s1910,7
monkeyc4l2s1911,7
monkeyc4l2s1912,7
monkeyc4l2s1913,7
monkeyc4l2s1914,7
monkeyc4l2s1915,7
monkeyc4l2s1916,7
monkeyc4l2s1917,7
monkeyc4l2s1918,7
monkeyc4l2s1919,7
monkeyc4l2s1920,7
monkeyc4l2s1921,7
monkeyc4l2s1922,7
monkeyc4l2s1923,7
monkeyc4l2s1924,7
monkeyc4l2s1925,7
monkeyc4l2s1926,7
monkeyc4l2s1927,7
monkeyc4l2s1928,7
monkeyc4l2s1929,7
monkeyc4l2s1930,7
monkeyc4l2s1931,7
monkeyc4l2s1932,7
monkeyc4l2s1933,7
monkeyc4l2s1934,7
monkeyc4l2s1935,7
monkeyc4l2s1936,7
monkeyc4l2s1937,7
monkeyc4l2s1938,7
monkeyc4l2s1939,7
monkeyc4l2s1940,7
monkeyc4l2s1941,7
monkeyc4l2s1942,7
monkeyc4l2s1943,7
monkeyc4l2s1944,7
monkeyc4l2s1945,7
monkeyc4l2s1946,7
monkeyc4l2s1947,7
monkeyc4l2s1948,7
monkeyc4l2s1949,7
monkeyc4l2s1950,7
monkeyc4l2s1951,7
monkeyc4l2s1952,7
monkeyc4l2s1953,7
monkeyc4l2s1954,7
monkeyc4l2s1955,7
monkeyc4l2s1956,7
monkeyc4l2s1957,7
monkeyc4l2s1958,7
monkeyc4l2s1959,7
monkeyc4l2s1960,7
monkeyc4l2s1961,7
monkeyc4l2s1962,7
monkeyc4l2s1963,7
monkeyc4l2s1964,7
monkeyc4l2s1965,7
monkeyc4l2s1966,7
monkeyc4l2s1967,7
monkeyc4l2s1968,7
monkeyc4l2s1969,7
monkeyc4l2s1970,7
monkeyc4l2s1971,7
monkeyc4l2s1972,7
monkeyc4l2s1973,7
monkeyc4l2s1974,7
monkeyc4l2s1975,7
monkeyc4l2s1976,7
monkeyc4l2s1977,7
monkeyc4l2s1978,7
monkeyc4l2s1979,7
monkeyc4l2s1980,7
monkeyc4l2s1981,7
monkeyc4l2s1982,7
monkeyc4l2s1983,7
monkeyc4l2s1984,7
monkeyc4l2s1985,7
monkeyc4l2s1986,7
monkeyc4l2s1987,7
monkeyc4l2s1988,7
monkeyc4l2s1989,7
monkeyc4l2s1990,7
monkeyc4l2s1991,7
monkeyc4l2s1992,7
monkeyc4l2s1993,7
monkeyc4l2s1994,7
monkeyc4l2s1995,7
monkeyc4l2s1996,7
monkeyc4l2s1997,7
monkeyc4l2s1998,7
monkeyc4l2s1999,7
monkeyc4l2s2000,7
monkeyc5hr1s2001,3
monkeyc5hr1s2002,3
monkeyc5hr1s2003,3
monkeyc5hr1s2004,3
monkeyc5hr1s2005,3
monkeyc5hr1s2006,3
monkeyc5hr1s2007,3
monkeyc5hr1s2008,3
monkeyc5hr1s2009,3
monkeyc5hr1s2010,3
monkeyc5hr1s2011,3
monkeyc5hr1s2012,3
monkeyc5hr1s2013,3
monkeyc5hr1s2014,3
monkeyc5hr1s2015,3
monkeyc5hr1s2016,3
monkeyc5hr1s2017,3
monkeyc5hr1s2018,3
monkeyc5hr1s2019,3
monkeyc5hr1s2020,3
monkeyc5hr1s2021,3
monkeyc5hr1s2022,3
monkeyc5hr1s2023,3
monkeyc5hr1s2024,3
monkeyc5hr1s2025,3
monkeyc5hr1s2026,3
monkeyc5hr1s2027,3
monkeyc5hr1s2028,3
monkeyc5hr1s2029,3
monkeyc5hr1s2030,3
monkeyc5hr1s2031,3
monkeyc5hr1s2032,3
monkeyc5hr1s2033,3
monkeyc5hr1s2034,3
monkeyc5hr1s2035,3
monkeyc5hr1s2036,3
monkeyc5hr1s2037,3
monkeyc5hr1s2038,3
monkeyc5hr1s2039,3
monkeyc5hr1s2040,3
monkeyc5hr1s2041,3
monkeyc5hr1s2042,3
monkeyc5hr1s2043,3
monkeyc5hr1s2044,3
monkeyc5hr1s2045,3
monkeyc5hr1s2046,3
monkeyc5hr1s2047,3
monkeyc5hr1s2048,3
monkeyc5hr1s2049,3
monkeyc5hr1s2050,3
monkeyc5hr1s2051,3
monkeyc5hr1s2052,3
monkeyc5hr1s2053,3
monkeyc5hr1s2054,3
monkeyc5hr1s2055,3
monkeyc5hr1s2056,3
monkeyc5hr1s2057,3
monkeyc5hr1s2058,3
monkeyc5hr1s2059,3
monkeyc5hr1s2060,3
monkeyc5hr1s2061,3
monkeyc5hr1s2062,3
monkeyc5hr1s2063,3
monkeyc5hr1s2064,3
monkeyc5hr1s2065,3
monkeyc5hr1s2066,3
monkeyc5hr1s2067,3
monkeyc5hr1s2068,3
monkeyc5hr1s2069,3
monkeyc5hr1s2070,3
monkeyc5hr1s2071,3
monkeyc5hr1s2072,3
monkeyc5hr1s2073,3
monkeyc5hr1s2074,3
monkeyc5hr1s2075,3
monkeyc5hr1s2076,3
monkeyc5hr1s2077,3
monkeyc5hr1s2078,3
monkeyc5hr1s2079,3
monkeyc5hr1s2080,3
monkeyc5hr1s2081,3
monkeyc5hr1s2082,3
monkeyc5hr1s2083,3
monkeyc5hr1s2084,3
monkeyc5hr1s2085,3
monkeyc5hr1s2086,3
monkeyc5hr1s2087,3
monkeyc5hr1s2088,3
monkeyc5hr1s2089,3
monkeyc5hr1s2090,3
monkeyc5hr1s2091,3
monkeyc5hr1s2092,3
monkeyc5hr1s2093,3
monkeyc5hr1s2094,3
monkeyc5hr1s2095,3
monkeyc5hr1s2096,3
monkeyc5hr1s2097,3
monkeyc5hr1s2098,3
monkeyc5hr1s2099,3
monkeyc5hr1s2100,3
monkeyc5hr1s2101,3
monkeyc5hr1s2102,3
monkeyc5hr1s2103,3
monkeyc5hr1s2104,3
monkeyc5hr1s2105,3
monkeyc5hr1s2106,3
monkeyc5hr1s2107,3
monkeyc5hr1s2108,3
monkeyc5hr1s2109,3
monkeyc5hr1s2110,3
monkeyc5hr1s2111,3
monkeyc5hr1s2112,3
monkeyc5hr1s2113,3
monkeyc5hr1s2114,3
monkeyc5hr1s2115,3
monkeyc5hr1s2116,3
monkeyc5hr1s2117,3
monkeyc5hr1s2118,3
monkeyc5hr1s2119,3
monkeyc5hr1s2120,3
monkeyc5hr1s2121,3
monkeyc5hr1s2122,3
monkeyc5hr1s2123,3
monkeyc5hr1s2124,3
monkeyc5hr1s2125,3
monkeyc5hr1s2126,3
monkeyc5hr1s2127,3
monkeyc5hr1s2128,3
monkeyc5hr1s2129,3
monkeyc5hr1s2130,3
monkeyc5hr1s2131,3
monkeyc5hr1s2132,3
monkeyc5hr1s2133,3
monkeyc5hr1s2134,3
monkeyc5hr1s2135,3
monkeyc5hr1s2136,3
monkeyc5hr1s2137,3
monkeyc5hr1s2138,3
monkeyc5hr1s2139,3
monkeyc5hr1s2140,3
monkeyc5hr1s2141,3
monkeyc5hr1s2142,3
monkeyc5hr1s2143,3
monkeyc5hr1s2144,3
monkeyc5hr1s2145,3
monkeyc5hr1s2146,3
monkeyc5hr1s2147,3
monkeyc5hr1s2148,3
monkeyc5hr1s2149,3
monkeyc5hr1s2150,3
monkeyc5hr1s2151,3
monkeyc5hr1s2152,3
monkeyc5hr1s2153,3
monkeyc5hr1s2154,3
monkeyc5hr1s2155,3
monkeyc5hr1s2156,3
monkeyc5hr1s2157,3
monkeyc5hr1s2158,3
monkeyc5hr1s2159,3
monkeyc5hr1s2160,3
monkeyc5hr1s2161,3
monkeyc5hr1s2162,3
monkeyc5hr1s2163,3
monkeyc5hr1s2164,3
monkeyc5hr1s2165,3
monkeyc5hr1s2166,3
monkeyc5hr1s2167,3
monkeyc5hr1s2168,3
monkeyc5hr1s2169,3
monkeyc5hr1s2170,3
monkeyc5hr1s2171,3
monkeyc5hr1s2172,3
monkeyc5hr1s2173,3
monkeyc5hr1s2174,3
monkeyc5hr1s2175,3
monkeyc5hr1s2176,3
monkeyc5hr1s2177,3
monkeyc5hr1s2178,3
monkeyc5hr1s2179,3
monkeyc5hr1s2180,3
monkeyc5hr1s2181,3
monkeyc5hr1s2182,3
monkeyc5hr1s2183,3
monkeyc5hr1s2184,3
monkeyc5hr1s2185,3
monkeyc5hr1s2186,3
monkeyc5hr1s2187,3
monkeyc5hr1s2188,3
monkeyc5hr1s2189,3
monkeyc5hr1s2190,3
monkeyc5hr1s2191,3
monkeyc5hr1s2192,3
monkeyc5hr1s2193,3
monkeyc5hr1s2194,3
monkeyc5hr1s2195,3
monkeyc5hr1s2196,3
monkeyc5hr1s2197,3
monkeyc5hr1s2198,3
monkeyc5hr1s2199,3
monkeyc5hr1s2200,3
monkeyc5hr1s2201,3
monkeyc5hr1s2202,3
monkeyc5hr1s2203,3
monkeyc5hr1s2204,3
monkeyc5hr1s2205,3
monkeyc5hr1s2206,3
monkeyc5hr1s2207,3
monkeyc5hr1s2208,3
monkeyc5hr1s2209,3
monkeyc5hr1s2210,3
monkeyc5hr1s2211,3
monkeyc5hr1s2212,3
monkeyc5hr1s2213,3
monkeyc5hr1s2214,3
monkeyc5hr1s2215,3
monkeyc5hr1s2216,3
monkeyc5hr1s2217,3
monkeyc5hr1s2218,3
monkeyc5hr1s2219,3
monkeyc5hr1s2220,3
monkeyc5hr1s2221,3
monkeyc5hr1s2222,3
monkeyc5hr1s2223,3
monkeyc5hr1s2224,3
monkeyc5hr1s2225,3
monkeyc5hr1s2226,3
monkeyc5hr1s2227,3
monkeyc5hr1s2228,3
monkeyc5hr1s2229,3
monkeyc5hr1s2230,3
monkeyc5hr1s2231,3
monkeyc5hr1s2232,3
monkeyc5hr1s2233,3
monkeyc5hr1s2234,3
monkeyc5hr1s2235,3
monkeyc5hr1s2236,3
monkeyc5hr1s2237,3
monkeyc5hr1s2238,3
monkeyc5hr1s2239,3
monkeyc5hr1s2240,3
monkeyc5hr1s2241,3
monkeyc5hr1s2242,3
monkeyc5hr1s2243,3
monkeyc5hr1s2244,3
monkeyc5hr1s2245,3
monkeyc5hr1s2246,3
monkeyc5hr1s2247,3
monkeyc5hr1s2248,3
monkeyc5hr1s2249,3
monkeyc5hr1s2250,3
monkeyc5hr1s2251,3
monkeyc5hr1s2252,3
monkeyc5hr1s2253,3
monkeyc5hr1s2254,3
monkeyc5hr1s2255,3
monkeyc5hr1s2256,3
monkeyc5hr1s2257,3
monkeyc5hr1s2258,3
monkeyc5hr1s2259,3
monkeyc5hr1s2260,3
monkeyc5hr1s2261,3
monkeyc5hr1s2262,3
monkeyc5hr1s2263,3
monkeyc5hr1s2264,3
monkeyc5hr1s2265,3
monkeyc5hr1s2266,3
monkeyc5hr1s2267,3
monkeyc5hr1s2268,3
monkeyc5hr1s2269,3
monkeyc5hr1s2270,3
monkeyc5hr1s2271,3
monkeyc5hr1s2272,3
monkeyc5hr1s2273,3
monkeyc5hr1s2274,3
monkeyc5hr1s2275,3
monkeyc5hr1s2276,3
monkeyc5hr1s2277,3
monkeyc5hr1s2278,3
monkeyc5hr1s2279,3
monkeyc5hr1s2280,3
monkeyc5hr1s2281,3
monkeyc5hr1s2282,3
monkeyc5hr1s2283,3
monkeyc5hr1s2284,3
monkeyc5hr1s2285,3
monkeyc5hr1s2286,3
monkeyc5hr1s2287,3
monkeyc5hr1s2288,3
monkeyc5hr1s2289,3
monkeyc5hr1s2290,3
monkeyc5hr1s2291,3
monkeyc5hr1s2292,3
monkeyc5hr1s2293,3
monkeyc5hr1s2294,3
monkeyc5hr1s2295,3
monkeyc5hr1s2296,3
monkeyc5hr1s2297,3
monkeyc5hr1s2298,3
monkeyc5hr1s2299,3
monkeyc5hr1s2300,3
monkeyc5hr1s2301,3
monkeyc5hr1s2302,3
monkeyc5hr1s2303,3
monkeyc5hr1s2304,3
monkeyc5hr1s2305,3
monkeyc5hr1s2306,3
monkeyc5hr1s2307,3
monkeyc5hr1s2308,3
monkeyc5hr1s2309,3
monkeyc5hr1s2310,3
monkeyc5hr1s2311,3
monkeyc5hr1s2312,3
monkeyc5hr1s2313,3
monkeyc5hr1s2314,3
monkeyc5hr1s2315,3
monkeyc5hr1s2316,3
monkeyc5hr1s2317,3
monkeyc5hr1s2318,3
monkeyc5hr1s2319,3
monkeyc5hr1s2320,3
monkeyc5hr1s2321,3
monkeyc5hr1s2322,3
monkeyc5hr1s2323,3
monkeyc5hr1s2324,3
monkeyc5hr1s2325,3
monkeyc5hr1s2326,3
monkeyc5hr1s2327,3
monkeyc5hr1s2328,3
monkeyc5hr1s2329,3
monkeyc5hr1s2330,3
monkeyc5hr1s2331,3
monkeyc5hr1s2332,3
monkeyc5hr1s2333,3
monkeyc5hr1s2334,3
monkeyc5hr1s2335,3
monkeyc5hr1s2336,3
monkeyc5hr1s2337,3
monkeyc5hr1s2338,3
monkeyc5hr1s2339,3
monkeyc5hr1s2340,3
monkeyc5hr1s2341,3
monkeyc5hr1s2342,3
monkeyc5hr1s2343,3
monkeyc5hr1s2344,3
monkeyc5hr1s2345,3
monkeyc5hr1s2346,3
monkeyc5hr1s2347,3
monkeyc5hr1s2348,3
monkeyc5hr1s2349,3
monkeyc5hr1s2350,3
monkeyc5hr1s2351,3
monkeyc5hr1s2352,3
monkeyc5hr1s2353,3
monkeyc5hr1s2354,3
monkeyc5hr1s2355,3
monkeyc5hr1s2356,3
monkeyc5hr1s2357,3
monkeyc5hr1s2358,3
monkeyc5hr1s2359,3
monkeyc5hr1s2360,3
monkeyc5hr1s2361,3
monkeyc5hr1s2362,3
monkeyc5hr1s2363,3
monkeyc5hr1s2364,3
monkeyc5hr1s2365,3
monkeyc5hr1s2366,3
monkeyc5hr1s2367,3
monkeyc5hr1s2368,3
monkeyc5hr1s2369,3
monkeyc5hr1s2370,3
monkeyc5hr1s2371,3
monkeyc5hr1s2372,3
monkeyc5hr1s2373,3
monkeyc5hr1s2374,3
monkeyc5hr1s2375,3
monkeyc5hr1s2376,3
monkeyc5hr1s2377,3
monkeyc5hr1s2378,3
monkeyc5hr1s2379,3
monkeyc5hr1s2380,3
monkeyc5hr1s2381,3
monkeyc5hr1s2382,3
monkeyc5hr1s2383,3
monkeyc5hr1s2384,3
monkeyc5hr1s2385,3
monkeyc5hr1s2386,3
monkeyc5hr1s2387,3
monkeyc5hr1s2388,3
monkeyc5hr1s2389,3
monkeyc5hr1s2390,3
monkeyc5hr1s2391,3
monkeyc5hr1s2392,3
monkeyc5hr1s2393,3
monkeyc5hr1s2394,3
monkeyc5hr1s2395,3
monkeyc5hr1s2396,3
monkeyc5hr1s2397,3
monkeyc5hr1s2398,3
monkeyc5hr1s2399,3
monkeyc5hr1s2400,3
monkeyc5hr1s2401,3
monkeyc5hr1s2402,3
monkeyc5hr1s2403,3
monkeyc5hr1s2404,3
monkeyc5hr1s2405,3
monkeyc5hr1s2406,3
monkeyc5hr1s2407,3
monkeyc5hr1s2408,3
monkeyc5hr1s2409,3
monkeyc5hr1s2410,3
monkeyc5hr1s2411,3
monkeyc5hr1s2412,3
monkeyc5hr1s2413,3
monkeyc5hr1s2414,3
monkeyc5hr1s2415,3
monkeyc5hr1s2416,3
monkeyc5hr1s2417,3
monkeyc5hr1s2418,3
monkeyc5hr1s2419,3
monkeyc5hr1s2420,3
monkeyc5hr1s2421,3
monkeyc5hr1s2422,3
monkeyc5hr1s2423,3
monkeyc5hr1s2424,3
monkeyc5hr1s2425,3
monkeyc5hr1s2426,3
monkeyc5hr1s2427,3
monkeyc5hr1s2428,3
monkeyc5hr1s2429,3
monkeyc5hr1s2430,3
monkeyc5hr1s2431,3
monkeyc5hr1s2432,3
monkeyc5hr1s2433,3
monkeyc5hr1s2434,3
monkeyc5hr1s2435,3
monkeyc5hr1s2436,3
monkeyc5hr1s2437,3
monkeyc5hr1s2438,3
monkeyc5hr1s2439,3
monkeyc5hr1s2440,3
monkeyc5hr1s2441,3
monkeyc5hr1s2442,3
monkeyc5hr1s2443,3
monkeyc5hr1s2444,3
monkeyc5hr1s2445,3
monkeyc5hr1s2446,3
monkeyc5hr1s2447,3
monkeyc5hr1s2448,3
monkeyc5hr1s2449,3
monkeyc5hr1s2450,3
monkeyc5hr1s2451,3
monkeyc5hr1s2452,3
monkeyc5hr1s2453,3
monkeyc5hr1s2454,3
monkeyc5hr1s2455,3
monkeyc5hr1s2456,3
monkeyc5hr1s2457,3
monkeyc5hr1s2458,3
monkeyc5hr1s2459,3
monkeyc5hr1s2460,3
monkeyc5hr1s2461,3
monkeyc5hr1s2462,3
monkeyc5hr1s2463,3
monkeyc5hr1s2464,3
monkeyc5hr1s2465,3
monkeyc5hr1s2466,3
monkeyc5hr1s2467,3
monkeyc5hr1s2468,3
monkeyc5hr1s2469,3
monkeyc5hr1s2470,3
monkeyc5hr1s2471,3
monkeyc5hr1s2472,3
monkeyc5hr1s2473,3
monkeyc5hr1s2474,3
monkeyc5hr1s2475,3
monkeyc5hr1s2476,3
monkeyc5hr1s2477,3
monkeyc5hr1s2478,3
monkeyc5hr1s2479,3
monkeyc5hr1s2480,3
monkeyc5hr1s2481,3
monkeyc5hr1s2482,3
monkeyc5hr1s2483,3
monkeyc5hr1s2484,3
monkeyc5hr1s2485,3
monkeyc5hr1s2486,3
monkeyc5hr1s2487,3
monkeyc5hr1s2488,3
monkeyc5hr1s2489,3
monkeyc5hr1s2490,3
monkeyc5hr1s2491,3
monkeyc5hr1s2492,3
monkeyc5hr1s2493,3
monkeyc5hr1s2494,3
monkeyc5hr1s2495,3
monkeyc5hr1s2496,3
monkeyc5hr1s2497,3
monkeyc5hr1s2498,3
monkeyc5hr1s2499,3
monkeyc5hr1s2500,3
monkeyc6r1s2501,4
monkeyc6r1s2502,4
monkeyc6r1s2503,4
monkeyc6r1s2504,4
monkeyc6r1s2505,4
monkeyc6r1s2506,4
monkeyc6r1s2507,1
monkeyc6r1s2508,0
monkeyc6r1s2509,4
monkeyc6r1s2510,4
monkeyc6r1s2511,1
monkeyc6r1s2512,4
monkeyc6r1s2513,1
monkeyc6r1s2514,0
monkeyc6r1s2515,1
monkeyc6r1s2516,4
monkeyc6r1s2517,1
monkeyc6r1s2518,4
monkeyc6r1s2519,8
monkeyc6r1s2520,0
monkeyc6r1s2521,1
monkeyc6r1s2522,4
monkeyc6r1s2523,1
monkeyc6r1s2524,4
monkeyc6r1s2525,1
monkeyc6r1s2526,0
monkeyc6r1s2527,1
monkeyc6r1s2528,0
monkeyc6r1s2529,1
monkeyc6r1s2530,1
monkeyc6r1s2531,1
monkeyc6r1s2532,0
monkeyc6r1s2533,1
monkeyc6r1s2534,4
monkeyc6r1s2535,1
monkeyc6r1s2536,4
monkeyc6r1s2537,1
monkeyc6r1s2538,4
monkeyc6r1s2539,8
monkeyc6r1s2540,1
monkeyc6r1s2541,1
monkeyc6r1s2542,4
monkeyc6r1s2543,1
monkeyc6r1s2544,4
monkeyc6r1s2545,8
monkeyc6r1s2546,4
monkeyc6r1s2547,1
monkeyc6r1s2548,4
monkeyc6r1s2549,1
monkeyc6r1s2550,4
monkeyc6r1s2551,1
monkeyc6r1s2552,0
monkeyc6r1s2553,1
monkeyc6r1s2554,4
monkeyc6r1s2555,8
monkeyc6r1s2556,0
monkeyc6r1s2557,8
monkeyc6r1s2558,4
monkeyc6r1s2559,8
monkeyc6r1s2560,0
monkeyc6r1s2561,8
monkeyc6r1s2562,4
monkeyc6r1s2563,1
monkeyc6r1s2564,4
monkeyc6r1s2565,1
monkeyc6r1s2566,0
monkeyc6r1s2567,1
monkeyc6r1s2568,0
monkeyc6r1s2569,1
monkeyc6r1s2570,4
monkeyc6r1s2571,1
monkeyc6r1s2572,4
monkeyc6r1s2573,1
monkeyc6r1s2574,4
monkeyc6r1s2575,1
monkeyc6r1s2576,4
monkeyc6r1s2577,4
monkeyc6r1s2578,4
monkeyc6r1s2579,1
monkeyc6r1s2580,4
monkeyc6r1s2581,1
monkeyc6r1s2582,4
monkeyc6r1s2583,1
monkeyc6r1s2584,4
monkeyc6r1s2585,4
monkeyc6r1s2586,4
monkeyc6r1s2587,4
monkeyc6r1s2588,0
monkeyc6r1s2589,1
monkeyc6r1s2590,0
monkeyc6r1s2591,4
monkeyc6r1s2592,4
monkeyc6r1s2593,1
monkeyc6r1s2594,4
monkeyc6r1s2595,1
monkeyc6r1s2596,4
monkeyc6r1s2597,1
monkeyc6r1s2598,4
monkeyc6r1s2599,1
monkeyc6r1s2600,4
monkeyc6r1s2601,1
monkeyc6r1s2602,0
monkeyc6r1s2603,4
monkeyc6r1s2604,1
monkeyc6r1s2605,4
monkeyc6r1s2606,4
monkeyc6r1s2607,1
monkeyc6r1s2608,4
monkeyc6r1s2609,1
monkeyc6r1s2610,0
monkeyc6r1s2611,1
monkeyc6r1s2612,4
monkeyc6r1s2613,1
monkeyc6r1s2614,4
monkeyc6r1s2615,1
monkeyc6r1s2616,0
monkeyc6r1s2617,1
monkeyc6r1s2618,0
monkeyc6r1s2619,1
monkeyc6r1s2620,4
monkeyc6r1s2621,1
monkeyc6r1s2622,4
monkeyc6r1s2623,1
monkeyc6r1s2624,4
monkeyc6r1s2625,8
monkeyc6r1s2626,4
monkeyc6r1s2627,1
monkeyc6r1s2628,0
monkeyc6r1s2629,4
monkeyc6r1s2630,0
monkeyc6r1s2631,4
monkeyc6r1s2632,0
monkeyc6r1s2633,1
monkeyc6r1s2634,4
monkeyc6r1s2635,4
monkeyc6r1s2636,4
monkeyc6r1s2637,0
monkeyc6r1s2638,0
monkeyc6r1s2639,1
monkeyc6r1s2640,4
monkeyc6r1s2641,1
monkeyc6r1s2642,0
monkeyc6r1s2643,1
monkeyc6r1s2644,1
monkeyc6r1s2645,1
monkeyc6r1s2646,4
monkeyc6r1s2647,4
monkeyc6r1s2648,0
monkeyc6r1s2649,1
monkeyc6r1s2650,4
monkeyc6r1s2651,4
monkeyc6r1s2652,4
monkeyc6r1s2653,1
monkeyc6r1s2654,0
monkeyc6r1s2655,1
monkeyc6r1s2656,0
monkeyc6r1s2657,1
monkeyc6r1s2658,4
monkeyc6r1s2659,1
monkeyc6r1s2660,4
monkeyc6r1s2661,1
monkeyc6r1s2662,4
monkeyc6r1s2663,1
monkeyc6r1s2664,4
monkeyc6r1s2665,1
monkeyc6r1s2666,4
monkeyc6r1s2667,1
monkeyc6r1s2668,4
monkeyc6r1s2669,1
monkeyc6r1s2670,4
monkeyc6r1s2671,1
monkeyc6r1s2672,4
monkeyc6r1s2673,1
monkeyc6r1s2674,4
monkeyc6r1s2675,8
monkeyc6r1s2676,4
monkeyc6r1s2677,8
monkeyc6r1s2678,4
monkeyc6r1s2679,1
monkeyc6r1s2680,4
monkeyc6r1s2681,1
monkeyc6r1s2682,1
monkeyc6r1s2683,1
monkeyc6r1s2684,4
monkeyc6r1s2685,4
monkeyc6r1s2686,0
monkeyc6r1s2687,1
monkeyc6r1s2688,4
monkeyc6r1s2689,1
monkeyc6r1s2690,4
monkeyc6r1s2691,1
monkeyc6r1s2692,4
monkeyc6r1s2693,8
monkeyc6r1s2694,0
monkeyc6r1s2695,1
monkeyc6r1s2696,4
monkeyc6r1s2697,1
monkeyc6r1s2698,4
monkeyc6r1s2699,4
monkeyc6r1s2700,4
monkeyc6r1s2701,4
monkeyc6r1s2702,4
monkeyc6r1s2703,1
monkeyc6r1s2704,0
monkeyc6r1s2705,1
monkeyc6r1s2706,0
monkeyc6r1s2707,1
monkeyc6r1s2708,1
monkeyc6r1s2709,1
monkeyc6r1s2710,4
monkeyc6r1s2711,1
monkeyc6r1s2712,4
monkeyc6r1s2713,4
monkeyc6r1s2714,4
monkeyc6r1s2715,1
monkeyc6r1s2716,0
monkeyc6r1s2717,1
monkeyc6r1s2718,4
monkeyc6r1s2719,8
monkeyc6r1s2720,0
monkeyc6r1s2721,1
monkeyc6r1s2722,0
monkeyc6r1s2723,1
monkeyc6r1s2724,4
monkeyc6r1s2725,1
monkeyc6r1s2726,1
monkeyc6r1s2727,1
monkeyc6r1s2728,4
monkeyc6r1s2729,4
monkeyc6r1s2730,4
monkeyc6r1s2731,1
monkeyc6r1s2732,4
monkeyc6r1s2733,1
monkeyc6r1s2734,4
monkeyc6r1s2735,1
monkeyc6r1s2736,4
monkeyc6r1s2737,1
monkeyc6r1s2738,4
monkeyc6r1s2739,1
monkeyc6r1s2740,4
monkeyc6r1s2741,1
monkeyc6r1s2742,4
monkeyc6r1s2743,1
monkeyc6r1s2744,4
monkeyc6r1s2745,1
monkeyc6r1s2746,4
monkeyc6r1s2747,1
monkeyc6r1s2748,4
monkeyc6r1s2749,4
monkeyc6r1s2750,1
monkeyc6r1s2751,8
monkeyc6r1s2752,4
monkeyc6r1s2753,1
monkeyc6r1s2754,4
monkeyc6r1s2755,4
monkeyc6r1s2756,0
monkeyc6r1s2757,1
monkeyc6r1s2758,4
monkeyc6r1s2759,1
monkeyc6r1s2760,4
monkeyc6r1s2761,1
monkeyc6r1s2762,4
monkeyc6r1s2763,1
monkeyc6r1s2764,1
monkeyc6r1s2765,1
monkeyc6r1s2766,4
monkeyc6r1s2767,4
monkeyc6r1s2768,4
monkeyc6r1s2769,8
monkeyc6r1s2770,0
monkeyc6r1s2771,1
monkeyc6r1s2772,4
monkeyc6r1s2773,8
monkeyc6r1s2774,4
monkeyc6r1s2775,4
monkeyc6r1s2776,4
monkeyc6r1s2777,1
monkeyc6r1s2778,4
monkeyc6r1s2779,8
monkeyc6r1s2780,4
monkeyc6r1s2781,1
monkeyc6r1s2782,4
monkeyc6r1s2783,1
monkeyc6r1s2784,1
monkeyc6r1s2785,4
monkeyc6r1s2786,4
monkeyc6r1s2787,4
monkeyc6r1s2788,4
monkeyc6r1s2789,4
monkeyc6r1s2790,4
monkeyc6r1s2791,1
monkeyc6r1s2792,4
monkeyc6r1s2793,1
monkeyc6r1s2794,4
monkeyc6r1s2795,8
monkeyc6r1s2796,4
monkeyc6r1s2797,1
monkeyc6r1s2798,0
monkeyc6r1s2799,1
monkeyc6r1s2800,4
monkeyc6r1s2801,8
monkeyc6r1s2802,4
monkeyc6r1s2803,8
monkeyc6r1s2804,0
monkeyc6r1s2805,1
monkeyc6r1s2806,1
monkeyc6r1s2807,1
monkeyc6r1s2808,0
monkeyc6r1s2809,4
monkeyc6r1s2810,4
monkeyc6r1s2811,1
monkeyc6r1s2812,4
monkeyc6r1s2813,1
monkeyc6r1s2814,4
monkeyc6r1s2815,1
monkeyc6r1s2816,0
monkeyc6r1s2817,1
monkeyc6r1s2818,4
monkeyc6r1s2819,1
monkeyc6r1s2820,8
monkeyc6r1s2821,1
monkeyc6r1s2822,4
monkeyc6r1s2823,8
monkeyc6r1s2824,4
monkeyc6r1s2825,8
monkeyc6r1s2826,4
monkeyc6r1s2827,8
monkeyc6r1s2828,4
monkeyc6r1s2829,1
monkeyc6r1s2830,4
monkeyc6r1s2831,8
monkeyc6r1s2832,4
monkeyc6r1s2833,1
monkeyc6r1s2834,4
monkeyc6r1s2835,4
monkeyc6r1s2836,4
monkeyc6r1s2837,1
monkeyc6r1s2838,0
monkeyc6r1s2839,1
monkeyc6r1s2840,4
monkeyc6r1s2841,8
monkeyc6r1s2842,4
monkeyc6r1s2843,8
monkeyc6r1s2844,4
monkeyc6r1s2845,1
monkeyc6r1s2846,4
monkeyc6r1s2847,1
monkeyc6r1s2848,4
monkeyc6r1s2849,1
monkeyc6r1s2850,4
monkeyc6r1s2851,8
monkeyc6r1s2852,4
monkeyc6r1s2853,4
monkeyc6r1s2854,4
monkeyc6r1s2855,1
monkeyc6r1s2856,4
monkeyc6r1s2857,1
monkeyc6r1s2858,8
monkeyc6r1s2859,1
monkeyc6r1s2860,4
monkeyc6r1s2861,8
monkeyc6r1s2862,4
monkeyc6r1s2863,1
monkeyc6r1s2864,4
monkeyc6r1s2865,8
monkeyc6r1s2866,4
monkeyc6r1s2867,1
monkeyc6r1s2868,4
monkeyc6r1s2869,8
monkeyc6r1s2870,0
monkeyc6r1s2871,1
monkeyc6r1s2872,0
monkeyc6r1s2873,1
monkeyc6r1s2874,0
monkeyc6r1s2875,1
monkeyc6r1s2876,4
monkeyc6r1s2877,1
monkeyc6r1s2878,4
monkeyc6r1s2879,4
monkeyc6r1s2880,4
monkeyc6r1s2881,1
monkeyc6r1s2882,4
monkeyc6r1s2883,1
monkeyc6r1s2884,4
monkeyc6r1s2885,4
monkeyc6r1s2886,0
monkeyc6r1s2887,1
monkeyc6r1s2888,4
monkeyc6r1s2889,1
monkeyc6r1s2890,4
monkeyc6r1s2891,1
monkeyc6r1s2892,4
monkeyc6r1s2893,1
monkeyc6r1s2894,4
monkeyc6r1s2895,1
monkeyc6r1s2896,4
monkeyc6r1s2897,1
monkeyc6r1s2898,4
monkeyc6r1s2899,1
monkeyc6r1s2900,0
monkeyc6r1s2901,8
monkeyc6r1s2902,4
monkeyc6r1s2903,1
monkeyc6r1s2904,0
monkeyc6r1s2905,1
monkeyc6r1s2906,4
monkeyc6r1s2907,1
monkeyc6r1s2908,4
monkeyc6r1s2909,8
monkeyc6r1s2910,4
monkeyc6r1s2911,1
monkeyc6r1s2912,4
monkeyc6r1s2913,1
monkeyc6r1s2914,0
monkeyc6r1s2915,1
monkeyc6r1s2916,4
monkeyc6r1s2917,1
monkeyc6r1s2918,4
monkeyc6r1s2919,4
monkeyc6r1s2920,0
monkeyc6r1s2921,4
monkeyc6r1s2922,4
monkeyc6r1s2923,4
monkeyc6r1s2924,4
monkeyc6r1s2925,1
monkeyc6r1s2926,4
monkeyc6r1s2927,1
monkeyc6r1s2928,4
monkeyc6r1s2929,8
monkeyc6r1s2930,4
monkeyc6r1s2931,4
monkeyc6r1s2932,0
monkeyc6r1s2933,1
monkeyc6r1s2934,4
monkeyc6r1s2935,1
monkeyc6r1s2936,4
monkeyc6r1s2937,4
monkeyc6r1s2938,4
monkeyc6r1s2939,8
monkeyc6r1s2940,0
monkeyc6r1s2941,1
monkeyc6r1s2942,4
monkeyc6r1s2943,8
monkeyc6r1s2944,4
monkeyc6r1s2945,8
monkeyc6r1s2946,4
monkeyc6r1s2947,1
monkeyc6r1s2948,0
monkeyc6r1s2949,1
monkeyc6r1s2950,0
monkeyc6r1s2951,4
monkeyc6r1s2952,4
monkeyc6r1s2953,1
monkeyc6r1s2954,4
monkeyc6r1s2955,1
monkeyc6r1s2956,0
monkeyc6r1s2957,1
monkeyc6r1s2958,0
monkeyc6r1s2959,1
monkeyc6r1s2960,0
monkeyc6r1s2961,1
monkeyc6r1s2962,0
monkeyc6r1s2963,1
monkeyc6r1s2964,4
monkeyc6r1s2965,1
monkeyc6r1s2966,4
monkeyc6r1s2967,1
monkeyc6r1s2968,4
monkeyc6r1s2969,1
monkeyc6r1s2970,4
monkeyc6r1s2971,1
monkeyc6r1s2972,0
monkeyc6r1s2973,1
monkeyc6r1s2974,4
monkeyc6r1s2975,1
monkeyc6r1s2976,4
monkeyc6r1s2977,1
monkeyc6r1s2978,4
monkeyc6r1s2979,1
monkeyc6r1s2980,4
monkeyc6r1s2981,1
monkeyc6r1s2982,1
monkeyc6r1s2983,1
monkeyc6r1s2984,0
monkeyc6r1s2985,4
monkeyc6r1s2986,4
monkeyc6r1s2987,1
monkeyc6r1s2988,1
monkeyc6r1s2989,1
monkeyc6r1s2990,4
monkeyc6r1s2991,8
monkeyc6r1s2992,4
monkeyc6r1s2993,1
monkeyc6r1s2994,0
monkeyc6r1s2995,1
monkeyc6r1s2996,4
monkeyc6r1s2997,4
monkeyc6r1s2998,0
monkeyc6r1s2999,1
monkeyc6r1s3000,0
monkeyc7sp1s3001,5
monkeyc7sp1s3002,5
monkeyc7sp1s3003,5
monkeyc7sp1s3004,5
monkeyc7sp1s3005,5
monkeyc7sp1s3006,5
monkeyc7sp1s3007,5
monkeyc7sp1s3008,5
monkeyc7sp1s3009,5
monkeyc7sp1s3010,5
monkeyc7sp1s3011,5
monkeyc7sp1s3012,5
monkeyc7sp1s3013,5
monkeyc7sp1s3014,5
monkeyc7sp1s3015,5
monkeyc7sp1s3016,5
monkeyc7sp1s3017,5
monkeyc7sp1s3018,5
monkeyc7sp1s3019,5
monkeyc7sp1s3020,5
monkeyc7sp1s3021,5
monkeyc7sp1s3022,5
monkeyc7sp1s3023,5
monkeyc7sp1s3024,5
monkeyc7sp1s3025,5
monkeyc7sp1s3026,5
monkeyc7sp1s3027,5
monkeyc7sp1s3028,5
monkeyc7sp1s3029,5
monkeyc7sp1s3030,5
monkeyc7sp1s3031,5
monkeyc7sp1s3032,5
monkeyc7sp1s3033,5
monkeyc7sp1s3034,5
monkeyc7sp1s3035,5
monkeyc7sp1s3036,5
monkeyc7sp1s3037,5
monkeyc7sp1s3038,5
monkeyc7sp1s3039,5
monkeyc7sp1s3040,5
monkeyc7sp1s3041,5
monkeyc7sp1s3042,5
monkeyc7sp1s3043,5
monkeyc7sp1s3044,5
monkeyc7sp1s3045,5
monkeyc7sp1s3046,5
monkeyc7sp1s3047,5
monkeyc7sp1s3048,5
monkeyc7sp1s3049,5
monkeyc7sp1s3050,5
monkeyc7sp1s3051,5
monkeyc7sp1s3052,5
monkeyc7sp1s3053,5
monkeyc7sp1s3054,5
monkeyc7sp1s3055,5
monkeyc7sp1s3056,5
monkeyc7sp1s3057,5
monkeyc7sp1s3058,5
monkeyc7sp1s3059,5
monkeyc7sp1s3060,5
monkeyc7sp1s3061,5
monkeyc7sp1s3062,5
monkeyc7sp1s3063,5
monkeyc7sp1s3064,5
monkeyc7sp1s3065,5
monkeyc7sp1s3066,5
monkeyc7sp1s3067,5
monkeyc7sp1s3068,5
monkeyc7sp1s3069,5
monkeyc7sp1s3070,5
monkeyc7sp1s3071,5
monkeyc7sp1s3072,5
monkeyc7sp1s3073,5
monkeyc7sp1s3074,5
monkeyc7sp1s3075,5
monkeyc7sp1s3076,5
monkeyc7sp1s3077,5
monkeyc7sp1s3078,5
monkeyc7sp1s3079,5
monkeyc7sp1s3080,5
monkeyc7sp1s3081,5
monkeyc7sp1s3082,5
monkeyc7sp1s3083,5
monkeyc7sp1s3084,5
monkeyc7sp1s3085,5
monkeyc7sp1s3086,5
monkeyc7sp1s3087,5
monkeyc7sp1s3088,5
monkeyc7sp1s3089,5
monkeyc7sp1s3090,5
monkeyc7sp1s3091,5
monkeyc7sp1s3092,5
monkeyc7sp1s3093,5
monkeyc7sp1s3094,5
monkeyc7sp1s3095,5
monkeyc7sp1s3096,5
monkeyc7sp1s3097,5
monkeyc7sp1s3098,5
monkeyc7sp1s3099,5
monkeyc7sp1s3100,5
monkeyc7sp1s3101,5
monkeyc7sp1s3102,5
monkeyc7sp1s3103,5
monkeyc7sp1s3104,5
monkeyc7sp1s3105,5
monkeyc7sp1s3106,5
monkeyc7sp1s3107,5
monkeyc7sp1s3108,5
monkeyc7sp1s3109,5
monkeyc7sp1s3110,5
monkeyc7sp1s3111,5
monkeyc7sp1s3112,5
monkeyc7sp1s3113,5
monkeyc7sp1s3114,5
monkeyc7sp1s3115,5
monkeyc7sp1s3116,5
monkeyc7sp1s3117,5
monkeyc7sp1s3118,5
monkeyc7sp1s3119,5
monkeyc7sp1s3120,5
monkeyc7sp1s3121,5
monkeyc7sp1s3122,5
monkeyc7sp1s3123,5
monkeyc7sp1s3124,5
monkeyc7sp1s3125,5
monkeyc7sp1s3126,5
monkeyc7sp1s3127,5
monkeyc7sp1s3128,5
monkeyc7sp1s3129,5
monkeyc7sp1s3130,5
monkeyc7sp1s3131,5
monkeyc7sp1s3132,5
monkeyc7sp1s3133,5
monkeyc7sp1s3134,5
monkeyc7sp1s3135,5
monkeyc7sp1s3136,5
monkeyc7sp1s3137,5
monkeyc7sp1s3138,5
monkeyc7sp1s3139,5
monkeyc7sp1s3140,5
monkeyc7sp1s3141,5
monkeyc7sp1s3142,5
monkeyc7sp1s3143,5
monkeyc7sp1s3144,5
monkeyc7sp1s3145,5
monkeyc7sp1s3146,5
monkeyc7sp1s3147,5
monkeyc7sp1s3148,5
monkeyc7sp1s3149,5
monkeyc7sp1s3150,5
monkeyc7sp1s3151,5
monkeyc7sp1s3152,5
monkeyc7sp1s3153,5
monkeyc7sp1s3154,5
monkeyc7sp1s3155,5
monkeyc7sp1s3156,5
monkeyc7sp1s3157,5
monkeyc7sp1s3158,5
monkeyc7sp1s3159,5
monkeyc7sp1s3160,5
monkeyc7sp1s3161,5
monkeyc7sp1s3162,5
monkeyc7sp1s3163,5
monkeyc7sp1s3164,5
monkeyc7sp1s3165,5
monkeyc7sp1s3166,5
monkeyc7sp1s3167,5
monkeyc7sp1s3168,5
monkeyc7sp1s3169,5
monkeyc7sp1s3170,5
monkeyc7sp1s3171,5
monkeyc7sp1s3172,5
monkeyc7sp1s3173,5
monkeyc7sp1s3174,5
monkeyc7sp1s3175,5
monkeyc7sp1s3176,5
monkeyc7sp1s3177,5
monkeyc7sp1s3178,5
monkeyc7sp1s3179,5
monkeyc7sp1s3180,5
monkeyc7sp1s3181,5
monkeyc7sp1s3182,5
monkeyc7sp1s3183,5
monkeyc7sp1s3184,5
monkeyc7sp1s3185,5
monkeyc7sp1s3186,5
monkeyc7sp1s3187,5
monkeyc7sp1s3188,5
monkeyc7sp1s3189,5
monkeyc7sp1s3190,5
monkeyc7sp1s3191,5
monkeyc7sp1s3192,5
monkeyc7sp1s3193,5
monkeyc7sp1s3194,5
monkeyc7sp1s3195,5
monkeyc7sp1s3196,5
monkeyc7sp1s3197,5
monkeyc7sp1s3198,5
monkeyc7sp1s3199,5
monkeyc7sp1s3200,5
monkeyc7sp1s3201,5
monkeyc7sp1s3202,5
monkeyc7sp1s3203,5
monkeyc7sp1s3204,5
monkeyc7sp1s3205,5
monkeyc7sp1s3206,5
monkeyc7sp1s3207,5
monkeyc7sp1s3208,5
monkeyc7sp1s3209,5
monkeyc7sp1s3210,5
monkeyc7sp1s3211,5
monkeyc7sp1s3212,5
monkeyc7sp1s3213,5
monkeyc7sp1s3214,5
monkeyc7sp1s3215,5
monkeyc7sp1s3216,5
monkeyc7sp1s3217,5
monkeyc7sp1s3218,5
monkeyc7sp1s3219,5
monkeyc7sp1s3220,5
monkeyc7sp1s3221,5
monkeyc7sp1s3222,5
monkeyc7sp1s3223,5
monkeyc7sp1s3224,5
monkeyc7sp1s3225,5
monkeyc7sp1s3226,5
monkeyc7sp1s3227,5
monkeyc7sp1s3228,5
monkeyc7sp1s3229,5
monkeyc7sp1s3230,5
monkeyc7sp1s3231,5
monkeyc7sp1s3232,5
monkeyc7sp1s3233,5
monkeyc7sp1s3234,5
monkeyc7sp1s3235,5
monkeyc7sp1s3236,5
monkeyc7sp1s3237,5
monkeyc7sp1s3238,5
monkeyc7sp1s3239,5
monkeyc7sp1s3240,5
monkeyc7sp1s3241,5
monkeyc7sp1s3242,5
monkeyc7sp1s3243,5
monkeyc7sp1s3244,5
monkeyc7sp1s3245,5
monkeyc7sp1s3246,5
monkeyc7sp1s3247,5
monkeyc7sp1s3248,5
monkeyc7sp1s3249,5
monkeyc7sp1s3250,5
monkeyc7sp1s3251,5
monkeyc7sp1s3252,5
monkeyc7sp1s3253,5
monkeyc7sp1s3254,5
monkeyc7sp1s3255,5
monkeyc7sp1s3256,5
monkeyc7sp1s3257,5
monkeyc7sp1s3258,5
monkeyc7sp1s3259,5
monkeyc7sp1s3260,5
monkeyc7sp1s3261,5
monkeyc7sp1s3262,5
monkeyc7sp1s3263,5
monkeyc7sp1s3264,5
monkeyc7sp1s3265,5
monkeyc7sp1s3266,5
monkeyc7sp1s3267,5
monkeyc7sp1s3268,5
monkeyc7sp1s3269,5
monkeyc7sp1s3270,5
monkeyc7sp1s3271,5
monkeyc7sp1s3272,5
monkeyc7sp1s3273,5
monkeyc7sp1s3274,5
monkeyc7sp1s3275,5
monkeyc7sp1s3276,5
monkeyc7sp1s3277,5
monkeyc7sp1s3278,5
monkeyc7sp1s3279,5
monkeyc7sp1s3280,5
monkeyc7sp1s3281,5
monkeyc7sp1s3282,5
monkeyc7sp1s3283,5
monkeyc7sp1s3284,5
monkeyc7sp1s3285,5
monkeyc7sp1s3286,5
monkeyc7sp1s3287,5
monkeyc7sp1s3288,5
monkeyc7sp1s3289,5
monkeyc7sp1s3290,5
monkeyc7sp1s3291,5
monkeyc7sp1s3292,5
monkeyc7sp1s3293,5
monkeyc7sp1s3294,5
monkeyc7sp1s3295,5
monkeyc7sp1s3296,5
monkeyc7sp1s3297,5
monkeyc7sp1s3298,5
monkeyc7sp1s3299,5
monkeyc7sp1s3300,5
monkeyc7sp1s3301,5
monkeyc7sp1s3302,5
monkeyc7sp1s3303,5
monkeyc7sp1s3304,5
monkeyc7sp1s3305,5
monkeyc7sp1s3306,5
monkeyc7sp1s3307,5
monkeyc7sp1s3308,5
monkeyc7sp1s3309,5
monkeyc7sp1s3310,5
monkeyc7sp1s3311,5
monkeyc7sp1s3312,5
monkeyc7sp1s3313,5
monkeyc7sp1s3314,5
monkeyc7sp1s3315,5
monkeyc7sp1s3316,5
monkeyc7sp1s3317,5
monkeyc7sp1s3318,5
monkeyc7sp1s3319,5
monkeyc7sp1s3320,5
monkeyc7sp1s3321,5
monkeyc7sp1s3322,5
monkeyc7sp1s3323,5
monkeyc7sp1s3324,5
monkeyc7sp1s3325,5
monkeyc7sp1s3326,5
monkeyc7sp1s3327,5
monkeyc7sp1s3328,5
monkeyc7sp1s3329,5
monkeyc7sp1s3330,5
monkeyc7sp1s3331,5
monkeyc7sp1s3332,5
monkeyc7sp1s3333,5
monkeyc7sp1s3334,5
monkeyc7sp1s3335,5
monkeyc7sp1s3336,5
monkeyc7sp1s3337,5
monkeyc7sp1s3338,5
monkeyc7sp1s3339,5
monkeyc7sp1s3340,5
monkeyc7sp1s3341,5
monkeyc7sp1s3342,5
monkeyc7sp1s3343,5
monkeyc7sp1s3344,5
monkeyc7sp1s3345,5
monkeyc7sp1s3346,5
monkeyc7sp1s3347,5
monkeyc7sp1s3348,5
monkeyc7sp1s3349,5
monkeyc7sp1s3350,5
monkeyc7sp1s3351,5
monkeyc7sp1s3352,5
monkeyc7sp1s3353,5
monkeyc7sp1s3354,5
monkeyc7sp1s3355,5
monkeyc7sp1s3356,5
monkeyc7sp1s3357,5
monkeyc7sp1s3358,5
monkeyc7sp1s3359,5
monkeyc7sp1s3360,5
monkeyc7sp1s3361,5
monkeyc7sp1s3362,5
monkeyc7sp1s3363,5
monkeyc7sp1s3364,5
monkeyc7sp1s3365,5
monkeyc7sp1s3366,5
monkeyc7sp1s3367,5
monkeyc7sp1s3368,5
monkeyc7sp1s3369,5
monkeyc7sp1s3370,5
monkeyc7sp1s3371,5
monkeyc7sp1s3372,5
monkeyc7sp1s3373,5
monkeyc7sp1s3374,5
monkeyc7sp1s3375,5
monkeyc7sp1s3376,5
monkeyc7sp1s3377,5
monkeyc7sp1s3378,5
monkeyc7sp1s3379,5
monkeyc7sp1s3380,5
monkeyc7sp1s3381,5
monkeyc7sp1s3382,5
monkeyc7sp1s3383,5
monkeyc7sp1s3384,5
monkeyc7sp1s3385,5
monkeyc7sp1s3386,5
monkeyc7sp1s3387,5
monkeyc7sp1s3388,5
monkeyc7sp1s3389,5
monkeyc7sp1s3390,5
monkeyc7sp1s3391,5
monkeyc7sp1s3392,5
monkeyc7sp1s3393,5
monkeyc7sp1s3394,5
monkeyc7sp1s3395,5
monkeyc7sp1s3396,5
monkeyc7sp1s3397,5
monkeyc7sp1s3398,5
monkeyc7sp1s3399,5
monkeyc7sp1s3400,5
monkeyc7sp1s3401,5
monkeyc7sp1s3402,5
monkeyc7sp1s3403,5
monkeyc7sp1s3404,5
monkeyc7sp1s3405,5
monkeyc7sp1s3406,5
monkeyc7sp1s3407,5
monkeyc7sp1s3408,5
monkeyc7sp1s3409,5
monkeyc7sp1s3410,5
monkeyc7sp1s3411,5
monkeyc7sp1s3412,5
monkeyc7sp1s3413,5
monkeyc7sp1s3414,5
monkeyc7sp1s3415,5
monkeyc7sp1s3416,5
monkeyc7sp1s3417,5
monkeyc7sp1s3418,5
monkeyc7sp1s3419,5
monkeyc7sp1s3420,5
monkeyc7sp1s3421,5
monkeyc7sp1s3422,5
monkeyc7sp1s3423,5
monkeyc7sp1s3424,5
monkeyc7sp1s3425,5
monkeyc7sp1s3426,5
monkeyc7sp1s3427,5
monkeyc7sp1s3428,5
monkeyc7sp1s3429,5
monkeyc7sp1s3430,5
monkeyc7sp1s3431,5
monkeyc7sp1s3432,5
monkeyc7sp1s3433,5
monkeyc7sp1s3434,5
monkeyc7sp1s3435,5
monkeyc7sp1s3436,5
monkeyc7sp1s3437,5
monkeyc7sp1s3438,5
monkeyc7sp1s3439,5
monkeyc7sp1s3440,5
monkeyc7sp1s3441,5
monkeyc7sp1s3442,5
monkeyc7sp1s3443,5
monkeyc7sp1s3444,5
monkeyc7sp1s3445,5
monkeyc7sp1s3446,5
monkeyc7sp1s3447,5
monkeyc7sp1s3448,5
monkeyc7sp1s3449,5
monkeyc7sp1s3450,5
monkeyc7sp1s3451,5
monkeyc7sp1s3452,5
monkeyc7sp1s3453,5
monkeyc7sp1s3454,5
monkeyc7sp1s3455,5
monkeyc7sp1s3456,5
monkeyc7sp1s3457,5
monkeyc7sp1s3458,5
monkeyc7sp1s3459,5
monkeyc7sp1s3460,5
monkeyc7sp1s3461,5
monkeyc7sp1s3462,5
monkeyc7sp1s3463,5
monkeyc7sp1s3464,5
monkeyc7sp1s3465,5
monkeyc7sp1s3466,5
monkeyc7sp1s3467,5
monkeyc7sp1s3468,5
monkeyc7sp1s3469,5
monkeyc7sp1s3470,5
monkeyc7sp1s3471,5
monkeyc7sp1s3472,5
monkeyc7sp1s3473,5
monkeyc7sp1s3474,5
monkeyc7sp1s3475,5
monkeyc7sp1s3476,5
monkeyc7sp1s3477,5
monkeyc7sp1s3478,5
monkeyc7sp1s3479,5
monkeyc7sp1s3480,5
monkeyc7sp1s3481,5
monkeyc7sp1s3482,5
monkeyc7sp1s3483,5
monkeyc7sp1s3484,5
monkeyc7sp1s3485,5
monkeyc7sp1s3486,5
monkeyc7sp1s3487,5
monkeyc7sp1s3488,5
monkeyc7sp1s3489,5
monkeyc7sp1s3490,5
monkeyc7sp1s3491,5
monkeyc7sp1s3492,5
monkeyc7sp1s3493,5
monkeyc7sp1s3494,5
monkeyc7sp1s3495,5
monkeyc7sp1s3496,5
monkeyc7sp1s3497,5
monkeyc7sp1s3498,5
monkeyc7sp1s3499,5
monkeyc7sp1s3500,5
monkeyc8sp2s3501,6
monkeyc8sp2s3502,6
monkeyc8sp2s3503,6
monkeyc8sp2s3504,6
monkeyc8sp2s3505,6
monkeyc8sp2s3506,6
monkeyc8sp2s3507,6
monkeyc8sp2s3508,6
monkeyc8sp2s3509,6
monkeyc8sp2s3510,6
monkeyc8sp2s3511,6
monkeyc8sp2s3512,6
monkeyc8sp2s3513,6
monkeyc8sp2s3514,6
monkeyc8sp2s3515,6
monkeyc8sp2s3516,6
monkeyc8sp2s3517,6
monkeyc8sp2s3518,6
monkeyc8sp2s3519,6
monkeyc8sp2s3520,6
monkeyc8sp2s3521,6
monkeyc8sp2s3522,6
monkeyc8sp2s3523,6
monkeyc8sp2s3524,6
monkeyc8sp2s3525,6
monkeyc8sp2s3526,6
monkeyc8sp2s3527,6
monkeyc8sp2s3528,6
monkeyc8sp2s3529,6
monkeyc8sp2s3530,6
monkeyc8sp2s3531,6
monkeyc8sp2s3532,6
monkeyc8sp2s3533,6
monkeyc8sp2s3534,6
monkeyc8sp2s3535,6
monkeyc8sp2s3536,6
monkeyc8sp2s3537,6
monkeyc8sp2s3538,6
monkeyc8sp2s3539,6
monkeyc8sp2s3540,6
monkeyc8sp2s3541,6
monkeyc8sp2s3542,6
monkeyc8sp2s3543,6
monkeyc8sp2s3544,6
monkeyc8sp2s3545,6
monkeyc8sp2s3546,6
monkeyc8sp2s3547,6
monkeyc8sp2s3548,6
monkeyc8sp2s3549,6
monkeyc8sp2s3550,6
monkeyc8sp2s3551,6
monkeyc8sp2s3552,6
monkeyc8sp2s3553,6
monkeyc8sp2s3554,6
monkeyc8sp2s3555,6
monkeyc8sp2s3556,6
monkeyc8sp2s3557,6
monkeyc8sp2s3558,6
monkeyc8sp2s3559,6
monkeyc8sp2s3560,6
monkeyc8sp2s3561,6
monkeyc8sp2s3562,6
monkeyc8sp2s3563,6
monkeyc8sp2s3564,6
monkeyc8sp2s3565,6
monkeyc8sp2s3566,6
monkeyc8sp2s3567,6
monkeyc8sp2s3568,6
monkeyc8sp2s3569,6
monkeyc8sp2s3570,6
monkeyc8sp2s3571,6
monkeyc8sp2s3572,6
monkeyc8sp2s3573,6
monkeyc8sp2s3574,6
monkeyc8sp2s3575,6
monkeyc8sp2s3576,6
monkeyc8sp2s3577,6
monkeyc8sp2s3578,6
monkeyc8sp2s3579,6
monkeyc8sp2s3580,6
monkeyc8sp2s3581,6
monkeyc8sp2s3582,6
monkeyc8sp2s3583,6
monkeyc8sp2s3584,6
monkeyc8sp2s3585,6
monkeyc8sp2s3586,6
monkeyc8sp2s3587,6
monkeyc8sp2s3588,6
monkeyc8sp2s3589,6
monkeyc8sp2s3590,6
monkeyc8sp2s3591,6
monkeyc8sp2s3592,6
monkeyc8sp2s3593,6
monkeyc8sp2s3594,6
monkeyc8sp2s3595,6
monkeyc8sp2s3596,6
monkeyc8sp2s3597,6
monkeyc8sp2s3598,6
monkeyc8sp2s3599,6
monkeyc8sp2s3600,6
monkeyc8sp2s3601,6
monkeyc8sp2s3602,6
monkeyc8sp2s3603,6
monkeyc8sp2s3604,6
monkeyc8sp2s3605,6
monkeyc8sp2s3606,6
monkeyc8sp2s3607,6
monkeyc8sp2s3608,6
monkeyc8sp2s3609,6
monkeyc8sp2s3610,6
monkeyc8sp2s3611,6
monkeyc8sp2s3612,6
monkeyc8sp2s3613,6
monkeyc8sp2s3614,6
monkeyc8sp2s3615,6
monkeyc8sp2s3616,6
monkeyc8sp2s3617,6
monkeyc8sp2s3618,6
monkeyc8sp2s3619,6
monkeyc8sp2s3620,6
monkeyc8sp2s3621,6
monkeyc8sp2s3622,6
monkeyc8sp2s3623,6
monkeyc8sp2s3624,6
monkeyc8sp2s3625,6
monkeyc8sp2s3626,6
monkeyc8sp2s3627,6
monkeyc8sp2s3628,6
monkeyc8sp2s3629,6
monkeyc8sp2s3630,6
monkeyc8sp2s3631,6
monkeyc8sp2s3632,6
monkeyc8sp2s3633,6
monkeyc8sp2s3634,6
monkeyc8sp2s3635,6
monkeyc8sp2s3636,6
monkeyc8sp2s3637,6
monkeyc8sp2s3638,6
monkeyc8sp2s3639,6
monkeyc8sp2s3640,6
monkeyc8sp2s3641,6
monkeyc8sp2s3642,6
monkeyc8sp2s3643,6
monkeyc8sp2s3644,6
monkeyc8sp2s3645,6
monkeyc8sp2s3646,6
monkeyc8sp2s3647,6
monkeyc8sp2s3648,6
monkeyc8sp2s3649,6
monkeyc8sp2s3650,6
monkeyc8sp2s3651,6
monkeyc8sp2s3652,6
monkeyc8sp2s3653,6
monkeyc8sp2s3654,6
monkeyc8sp2s3655,6
monkeyc8sp2s3656,6
monkeyc8sp2s3657,6
monkeyc8sp2s3658,6
monkeyc8sp2s3659,6
monkeyc8sp2s3660,6
monkeyc8sp2s3661,6
monkeyc8sp2s3662,6
monkeyc8sp2s3663,6
monkeyc8sp2s3664,6
monkeyc8sp2s3665,6
monkeyc8sp2s3666,6
monkeyc8sp2s3667,6
monkeyc8sp2s3668,6
monkeyc8sp2s3669,6
monkeyc8sp2s3670,6
monkeyc8sp2s3671,6
monkeyc8sp2s3672,6
monkeyc8sp2s3673,6
monkeyc8sp2s3674,6
monkeyc8sp2s3675,6
monkeyc8sp2s3676,6
monkeyc8sp2s3677,6
monkeyc8sp2s3678,6
monkeyc8sp2s3679,6
monkeyc8sp2s3680,6
monkeyc8sp2s3681,6
monkeyc8sp2s3682,6
monkeyc8sp2s3683,6
monkeyc8sp2s3684,6
monkeyc8sp2s3685,6
monkeyc8sp2s3686,6
monkeyc8sp2s3687,6
monkeyc8sp2s3688,6
monkeyc8sp2s3689,6
monkeyc8sp2s3690,6
monkeyc8sp2s3691,6
monkeyc8sp2s3692,6
monkeyc8sp2s3693,6
monkeyc8sp2s3694,6
monkeyc8sp2s3695,6
monkeyc8sp2s3696,6
monkeyc8sp2s3697,6
monkeyc8sp2s3698,6
monkeyc8sp2s3699,6
monkeyc8sp2s3700,6
monkeyc8sp2s3701,6
monkeyc8sp2s3702,6
monkeyc8sp2s3703,6
monkeyc8sp2s3704,6
monkeyc8sp2s3705,6
monkeyc8sp2s3706,6
monkeyc8sp2s3707,6
monkeyc8sp2s3708,6
monkeyc8sp2s3709,6
monkeyc8sp2s3710,6
monkeyc8sp2s3711,6
monkeyc8sp2s3712,6
monkeyc8sp2s3713,6
monkeyc8sp2s3714,6
monkeyc8sp2s3715,6
monkeyc8sp2s3716,6
monkeyc8sp2s3717,6
monkeyc8sp2s3718,6
monkeyc8sp2s3719,6
monkeyc8sp2s3720,6
monkeyc8sp2s3721,6
monkeyc8sp2s3722,6
monkeyc8sp2s3723,6
monkeyc8sp2s3724,6
monkeyc8sp2s3725,6
monkeyc8sp2s3726,6
monkeyc8sp2s3727,6
monkeyc8sp2s3728,6
monkeyc8sp2s3729,6
monkeyc8sp2s3730,6
monkeyc8sp2s3731,6
monkeyc8sp2s3732,6
monkeyc8sp2s3733,6
monkeyc8sp2s3734,6
monkeyc8sp2s3735,6
monkeyc8sp2s3736,6
monkeyc8sp2s3737,6
monkeyc8sp2s3738,6
monkeyc8sp2s3739,6
monkeyc8sp2s3740,6
monkeyc8sp2s3741,6
monkeyc8sp2s3742,6
monkeyc8sp2s3743,6
monkeyc8sp2s3744,6
monkeyc8sp2s3745,6
monkeyc8sp2s3746,6
monkeyc8sp2s3747,6
monkeyc8sp2s3748,6
monkeyc8sp2s3749,6
monkeyc8sp2s3750,6
monkeyc8sp2s3751,6
monkeyc8sp2s3752,6
monkeyc8sp2s3753,6
monkeyc8sp2s3754,6
monkeyc8sp2s3755,6
monkeyc8sp2s3756,6
monkeyc8sp2s3757,6
monkeyc8sp2s3758,6
monkeyc8sp2s3759,6
monkeyc8sp2s3760,6
monkeyc8sp2s3761,6
monkeyc8sp2s3762,6
monkeyc8sp2s3763,6
monkeyc8sp2s3764,6
monkeyc8sp2s3765,6
monkeyc8sp2s3766,6
monkeyc8sp2s3767,6
monkeyc8sp2s3768,6
monkeyc8sp2s3769,6
monkeyc8sp2s3770,6
monkeyc8sp2s3771,6
monkeyc8sp2s3772,6
monkeyc8sp2s3773,6
monkeyc8sp2s3774,6
monkeyc8sp2s3775,6
monkeyc8sp2s3776,6
monkeyc8sp2s3777,6
monkeyc8sp2s3778,6
monkeyc8sp2s3779,6
monkeyc8sp2s3780,6
monkeyc8sp2s3781,6
monkeyc8sp2s3782,6
monkeyc8sp2s3783,6
monkeyc8sp2s3784,6
monkeyc8sp2s3785,6
monkeyc8sp2s3786,6
monkeyc8sp2s3787,6
monkeyc8sp2s3788,6
monkeyc8sp2s3789,6
monkeyc8sp2s3790,6
monkeyc8sp2s3791,6
monkeyc8sp2s3792,6
monkeyc8sp2s3793,6
monkeyc8sp2s3794,6
monkeyc8sp2s3795,6
monkeyc8sp2s3796,6
monkeyc8sp2s3797,6
monkeyc8sp2s3798,6
monkeyc8sp2s3799,6
monkeyc8sp2s3800,6
monkeyc8sp2s3801,6
monkeyc8sp2s3802,6
monkeyc8sp2s3803,6
monkeyc8sp2s3804,6
monkeyc8sp2s3805,6
monkeyc8sp2s3806,6
monkeyc8sp2s3807,6
monkeyc8sp2s3808,6
monkeyc8sp2s3809,6
monkeyc8sp2s3810,6
monkeyc8sp2s3811,6
monkeyc8sp2s3812,6
monkeyc8sp2s3813,6
monkeyc8sp2s3814,6
monkeyc8sp2s3815,6
monkeyc8sp2s3816,6
monkeyc8sp2s3817,6
monkeyc8sp2s3818,6
monkeyc8sp2s3819,6
monkeyc8sp2s3820,6
monkeyc8sp2s3821,6
monkeyc8sp2s3822,6
monkeyc8sp2s3823,6
monkeyc8sp2s3824,6
monkeyc8sp2s3825,6
monkeyc8sp2s3826,6
monkeyc8sp2s3827,6
monkeyc8sp2s3828,6
monkeyc8sp2s3829,6
monkeyc8sp2s3830,6
monkeyc8sp2s3831,6
monkeyc8sp2s3832,6
monkeyc8sp2s3833,6
monkeyc8sp2s3834,6
monkeyc8sp2s3835,6
monkeyc8sp2s3836,6
monkeyc8sp2s3837,6
monkeyc8sp2s3838,6
monkeyc8sp2s3839,6
monkeyc8sp2s3840,6
monkeyc8sp2s3841,6
monkeyc8sp2s3842,6
monkeyc8sp2s3843,6
monkeyc8sp2s3844,6
monkeyc8sp2s3845,6
monkeyc8sp2s3846,6
monkeyc8sp2s3847,6
monkeyc8sp2s3848,6
monkeyc8sp2s3849,6
monkeyc8sp2s3850,6
monkeyc8sp2s3851,6
monkeyc8sp2s3852,6
monkeyc8sp2s3853,6
monkeyc8sp2s3854,6
monkeyc8sp2s3855,6
monkeyc8sp2s3856,6
monkeyc8sp2s3857,6
monkeyc8sp2s3858,6
monkeyc8sp2s3859,6
monkeyc8sp2s3860,6
monkeyc8sp2s3861,6
monkeyc8sp2s3862,6
monkeyc8sp2s3863,6
monkeyc8sp2s3864,6
monkeyc8sp2s3865,6
monkeyc8sp2s3866,6
monkeyc8sp2s3867,6
monkeyc8sp2s3868,6
monkeyc8sp2s3869,6
monkeyc8sp2s3870,6
monkeyc8sp2s3871,6
monkeyc8sp2s3872,6
monkeyc8sp2s3873,6
monkeyc8sp2s3874,6
monkeyc8sp2s3875,6
monkeyc8sp2s3876,6
monkeyc8sp2s3877,6
monkeyc8sp2s3878,6
monkeyc8sp2s3879,6
monkeyc8sp2s3880,6
monkeyc8sp2s3881,6
monkeyc8sp2s3882,6
monkeyc8sp2s3883,6
monkeyc8sp2s3884,6
monkeyc8sp2s3885,6
monkeyc8sp2s3886,6
monkeyc8sp2s3887,6
monkeyc8sp2s3888,6
monkeyc8sp2s3889,6
monkeyc8sp2s3890,6
monkeyc8sp2s3891,6
monkeyc8sp2s3892,6
monkeyc8sp2s3893,6
monkeyc8sp2s3894,6
monkeyc8sp2s3895,6
monkeyc8sp2s3896,6
monkeyc8sp2s3897,6
monkeyc8sp2s3898,6
monkeyc8sp2s3899,6
monkeyc8sp2s3900,6
monkeyc8sp2s3901,6
monkeyc8sp2s3902,6
monkeyc8sp2s3903,6
monkeyc8sp2s3904,6
monkeyc8sp2s3905,6
monkeyc8sp2s3906,6
monkeyc8sp2s3907,6
monkeyc8sp2s3908,6
monkeyc8sp2s3909,6
monkeyc8sp2s3910,6
monkeyc8sp2s3911,6
monkeyc8sp2s3912,6
monkeyc8sp2s3913,6
monkeyc8sp2s3914,6
monkeyc8sp2s3915,6
monkeyc8sp2s3916,6
monkeyc8sp2s3917,6
monkeyc8sp2s3918,6
monkeyc8sp2s3919,6
monkeyc8sp2s3920,6
monkeyc8sp2s3921,6
monkeyc8sp2s3922,6
monkeyc8sp2s3923,6
monkeyc8sp2s3924,6
monkeyc8sp2s3925,6
monkeyc8sp2s3926,6
monkeyc8sp2s3927,6
monkeyc8sp2s3928,6
monkeyc8sp2s3929,6
monkeyc8sp2s3930,6
monkeyc8sp2s3931,6
monkeyc8sp2s3932,6
monkeyc8sp2s3933,6
monkeyc8sp2s3934,6
monkeyc8sp2s3935,6
monkeyc8sp2s3936,6
monkeyc8sp2s3937,6
monkeyc8sp2s3938,6
monkeyc8sp2s3939,6
monkeyc8sp2s3940,6
monkeyc8sp2s3941,6
monkeyc8sp2s3942,6
monkeyc8sp2s3943,6
monkeyc8sp2s3944,6
monkeyc8sp2s3945,6
monkeyc8sp2s3946,6
monkeyc8sp2s3947,6
monkeyc8sp2s3948,6
monkeyc8sp2s3949,6
monkeyc8sp2s3950,6
monkeyc8sp2s3951,6
monkeyc8sp2s3952,6
monkeyc8sp2s3953,6
monkeyc8sp2s3954,6
monkeyc8sp2s3955,6
monkeyc8sp2s3956,6
monkeyc8sp2s3957,6
monkeyc8sp2s3958,6
monkeyc8sp2s3959,6
monkeyc8sp2s3960,6
monkeyc8sp2s3961,6
monkeyc8sp2s3962,6
monkeyc8sp2s3963,6
monkeyc8sp2s3964,6
monkeyc8sp2s3965,6
monkeyc8sp2s3966,6
monkeyc8sp2s3967,6
monkeyc8sp2s3968,6
monkeyc8sp2s3969,6
monkeyc8sp2s3970,6
monkeyc8sp2s3971,6
monkeyc8sp2s3972,6
monkeyc8sp2s3973,6
monkeyc8sp2s3974,6
monkeyc8sp2s3975,6
monkeyc8sp2s3976,6
monkeyc8sp2s3977,6
monkeyc8sp2s3978,6
monkeyc8sp2s3979,6
monkeyc8sp2s3980,6
monkeyc8sp2s3981,6
monkeyc8sp2s3982,6
monkeyc8sp2s3983,6
monkeyc8sp2s3984,6
monkeyc8sp2s3985,6
monkeyc8sp2s3986,6
monkeyc8sp2s3987,6
monkeyc8sp2s3988,6
monkeyc8sp2s3989,6
monkeyc8sp2s3990,6
monkeyc8sp2s3991,6
monkeyc8sp2s3992,6
monkeyc8sp2s3993,6
monkeyc8sp2s3994,6
monkeyc8sp2s3995,6
monkeyc8sp2s3996,6
monkeyc8sp2s3997,6
monkeyc8sp2s3998,6
monkeyc8sp2s3999,6
monkeyc8sp2s4000,6
